order_id,order_date,customer_name,region,sales_rep,product_category,product_name,unit_price,quantity,total_amount,order_status
ORD00066,01-01-2024,Kavya Kapoor,South,Neha Reddy,Sports,Cricket Bat,1895.65,2,3791.3,Delivered
ORD00536,01-01-2024,Tarun Malhotra,North,Priya Nair,Furniture,Bookshelf,21290.89,1,21290.89,Delivered
ORD01527,01-01-2024,Riya Shah,East,Priya Nair,Electronics,Smartwatch,61021.96,1,61021.96,Pending
ORD02443,01-01-2024,Gaurav Desai,West,Sneha Iyer,Furniture,Sofa,18735.88,1,18735.88,Pending
ORD02425,02-01-2024,Riya Shah,East,Aarav Sharma,Furniture,Sofa,17613.44,2,35226.88,Delivered
ORD00681,03-01-2024,Kavya Reddy,South,Aarav Sharma,Clothing,T-Shirt,3750.42,1,3750.42,Pending
ORD01764,03-01-2024,Suresh Malhotra,West,Vikram Singh,Furniture,Sofa,20507.34,1,20507.34,Cancelled
ORD01909,03-01-2024,Rajesh Patel,East,Arjun Rao,Electronics,Smartphone,76855.76,1,76855.76,Delivered
ORD00494,04-01-2024,Anita Desai,North,Aarav Sharma,Groceries,Atta 10kg,2064.11,1,2064.11,Delivered
ORD02266,04-01-2024,Riya Joshi,East,Anjali Gupta,Electronics,Smartphone,20930.16,1,20930.16,Delivered
ORD00073,05-01-2024,Riya Kapoor,North,Karan Verma,Furniture,Study Table,5659.75,1,5659.75,Pending
ORD01337,05-01-2024,Vivek Shah,East,Neha Reddy,Electronics,Tablet,67688.95,1,67688.95,Delivered
ORD02016,05-01-2024,Nikhil Reddy,Central,Divya Menon,Clothing,T-Shirt,2035.85,1,2035.85,Delivered
ORD02155,05-01-2024,Isha Nair,West,Arjun Rao,Sports,Yoga Mat,5917.18,1,5917.18,Delivered
ORD02127,06-01-2024,Isha Reddy,North,Karan Verma,Clothing,T-Shirt,1348.54,1,1348.54,Cancelled
ORD01890,06-01-2024,Meera Nair,North,Priya Nair,Groceries,Cooking Oil 1L,939.7,2,1879.4,Delivered
ORD02130,06-01-2024,Rahul Kumar,East,Rohan Mehta,Clothing,T-Shirt,3705.08,1,3705.08,Delivered
ORD02124,07-01-2024,Tarun Nair,North,Priya Nair,Sports,Dumbbells Set,4195.63,1,4195.63,Delivered
ORD00142,07-01-2024,Sonal Desai,South,Divya Menon,Sports,Cricket Bat,7013.2,1,7013.2,Pending
ORD02246,07-01-2024,Suresh Shah,South,Anjali Gupta,Clothing,Jacket,932.02,2,1864.04,Delivered
ORD01469,07-01-2024,Gaurav Nair,South,Anjali Gupta,Electronics,Tablet,55414.69,2,110829.38,Pending
ORD02322,09-01-2024,Isha Malhotra,South,Vikram Singh,Electronics,Tablet,29591.58,2,59183.16,Cancelled
ORD00160,09-01-2024,Amit Patel,West,Neha Reddy,Sports,Yoga Mat,5019.67,1,5019.67,Delivered
ORD02107,10-01-2024,Vivek Malhotra,East,Rohan Mehta,Electronics,Tablet,53930.25,2,107860.5,Pending
ORD01188,10-01-2024,Pooja Reddy,South,Priya Nair,Groceries,Cooking Oil 1L,551.3,2,1102.6,Cancelled
ORD02277,10-01-2024,Rahul Malhotra,East,Sneha Iyer,Groceries,Cooking Oil 1L,941.43,2,1882.86,Delivered
ORD00191,10-01-2024,Pooja Joshi,North,Divya Menon,Electronics,Laptop,67509.18,2,135018.36,Delivered
ORD01366,10-01-2024,Shreya Patel,Central,Vikram Singh,Clothing,Jeans,3791.11,1,3791.11,Delivered
ORD00171,10-01-2024,Pooja Joshi,North,Aarav Sharma,Electronics,Smartphone,37004.65,1,37004.65,Delivered
ORD01933,11-01-2024,Aditi Malhotra,South,Divya Menon,Clothing,T-Shirt,2382.76,1,2382.76,Pending
ORD01779,11-01-2024,Sonal Shah,West,Aarav Sharma,Electronics,Smartphone,31511.72,2,63023.44,Cancelled
ORD00796,11-01-2024,Ananya Kapoor,North,Vikram Singh,Electronics,Headphones,64994.82,2,129989.64,Cancelled
ORD00059,12-01-2024,Amit Kapoor,West,Karan Verma,Sports,Dumbbells Set,7155.03,1,7155.03,Delivered
ORD01353,12-01-2024,Tarun Reddy,West,Sneha Iyer,Clothing,Formal Shirt,1362.39,1,1362.39,Delivered
ORD00175,12-01-2024,Vivek Malhotra,South,Arjun Rao,Electronics,Tablet,39431.97,1,39431.97,Delivered
ORD02148,12-01-2024,Pooja Joshi,Central,Karan Verma,Electronics,Laptop,9968.73,2,19937.46,Pending
ORD00897,12-01-2024,Rajesh Desai,East,Karan Verma,Groceries,Spices Pack,1428.83,1,1428.83,Delivered
ORD00921,12-01-2024,Ananya Rao,North,Divya Menon,Clothing,T-Shirt,602.97,1,602.97,Delivered
ORD02465,13-01-2024,Suresh Patel,North,Anjali Gupta,Electronics,Headphones,51599.98,1,51599.98,Delivered
ORD00884,13-01-2024,Nikhil Joshi,Central,Arjun Rao,Electronics,Tablet,77501.64,1,77501.64,Delivered
ORD02204,13-01-2024,Manish Joshi,West,Priya Nair,Furniture,Study Table,24181.08,1,24181.08,Delivered
ORD00736,13-01-2024,Kavya Malhotra,Central,Priya Nair,Electronics,Laptop,8535.7,1,8535.7,Pending
ORD00579,13-01-2024,Shreya Patel,Central,Divya Menon,Electronics,Tablet,59649.13,1,59649.13,Pending
ORD00863,14-01-2024,Ananya Nair,North,Rohan Mehta,Electronics,Laptop,36910.46,2,73820.92,Delivered
ORD01224,14-01-2024,Pooja Shah,West,Priya Nair,Sports,Football,3653.08,1,3653.08,Pending
ORD00341,15-01-2024,Rajesh Shah,South,Divya Menon,Furniture,Study Table,17471.08,1,17471.08,Pending
ORD01515,15-01-2024,Pooja Shah,East,Karan Verma,Electronics,Laptop,29725.06,1,29725.06,Cancelled
ORD00009,15-01-2024,Sonal Shah,West,Neha Reddy,Electronics,Laptop,78977.18,2,157954.36,Delivered
ORD01268,16-01-2024,Suresh Rao,West,Aarav Sharma,Groceries,Cooking Oil 1L,119.28,1,119.28,Delivered
ORD00738,16-01-2024,Gaurav Malhotra,North,Neha Reddy,Electronics,Smartwatch,25157.86,1,25157.86,Delivered
ORD02164,16-01-2024,Gaurav Patel,Central,Vikram Singh,Clothing,Jeans,2584.36,1,2584.36,Delivered
ORD00124,16-01-2024,Riya Shah,Central,Vikram Singh,Sports,Yoga Mat,4579.71,1,4579.71,Delivered
ORD00745,16-01-2024,Gaurav Kumar,East,Sneha Iyer,Groceries,Spices Pack,816.38,1,816.38,Delivered
ORD01955,16-01-2024,Sanjay Reddy,South,Anjali Gupta,Furniture,Sofa,4839.51,1,4839.51,Delivered
ORD02317,16-01-2024,Kavya Kapoor,Central,Priya Nair,Clothing,Jeans,702.77,1,702.77,Pending
ORD01688,17-01-2024,Nikhil Rao,East,Anjali Gupta,Electronics,Smartwatch,63671.44,1,63671.44,Pending
ORD00400,17-01-2024,Kavya Desai,South,Aarav Sharma,Electronics,Tablet,61654.48,1,61654.48,Delivered
ORD02439,17-01-2024,Vivek Desai,Central,Sneha Iyer,Furniture,Study Table,15030.4,2,30060.8,Pending
ORD01101,17-01-2024,Rajesh Kumar,North,Anjali Gupta,Groceries,Rice 5kg,1487.75,1,1487.75,Delivered
ORD00122,17-01-2024,Shreya Nair,East,Neha Reddy,Sports,Yoga Mat,4314.02,1,4314.02,Cancelled
ORD00144,17-01-2024,Ananya Nair,East,Anjali Gupta,Electronics,Smartphone,51452.44,1,51452.44,Delivered
ORD02167,18-01-2024,Nikhil Shah,West,Priya Nair,Electronics,Smartphone,79113.6,1,79113.6,Delivered
ORD00105,18-01-2024,Vivek Reddy,West,Aarav Sharma,Electronics,Headphones,37356.53,1,37356.53,Delivered
ORD00396,18-01-2024,Rajesh Kapoor,South,Rohan Mehta,Electronics,Laptop,28927.94,1,28927.94,Delivered
ORD01636,19-01-2024,Suresh Kumar,South,Karan Verma,Electronics,Laptop,35595.9,1,35595.9,Delivered
ORD01777,19-01-2024,Vivek Rao,West,Vikram Singh,Groceries,Rice 5kg,1037.69,2,2075.38,Cancelled
ORD00526,19-01-2024,Nikhil Desai,South,Aarav Sharma,Groceries,Atta 10kg,2489.53,1,2489.53,Delivered
ORD01122,20-01-2024,Aditi Malhotra,Central,Rohan Mehta,Electronics,Smartphone,48044.43,3,144133.29,Delivered
ORD01837,21-01-2024,Sonal Desai,West,Arjun Rao,Groceries,Cooking Oil 1L,998.23,2,1996.46,Delivered
ORD01669,21-01-2024,Kavya Nair,West,Anjali Gupta,Electronics,Laptop,12990.17,2,25980.34,Pending
ORD01580,21-01-2024,Pooja Malhotra,North,Vikram Singh,Sports,Yoga Mat,6927.3,1,6927.3,Delivered
ORD02192,22-01-2024,Ananya Joshi,East,Rohan Mehta,Groceries,Atta 10kg,1631.34,2,3262.68,Delivered
ORD02081,22-01-2024,Meera Malhotra,South,Neha Reddy,Groceries,Atta 10kg,1236.25,1,1236.25,Cancelled
ORD01265,23-01-2024,Kavya Kapoor,North,Anjali Gupta,Furniture,Office Chair,7451.27,3,22353.81,Delivered
ORD01261,23-01-2024,Rahul Desai,East,Anjali Gupta,Sports,Football,1406.43,1,1406.43,Delivered
ORD01360,23-01-2024,Suresh Rao,East,Rohan Mehta,Groceries,Rice 5kg,1879.99,2,3759.98,Cancelled
ORD02225,23-01-2024,Nikhil Rao,Central,Priya Nair,Electronics,Laptop,17194.72,1,17194.72,Delivered
ORD00948,24-01-2024,Riya Patel,East,Priya Nair,Groceries,Rice 5kg,420.33,2,840.66,Delivered
ORD01934,24-01-2024,Gaurav Patel,Central,Priya Nair,Furniture,Sofa,23045.35,1,23045.35,Delivered
ORD01373,24-01-2024,Vivek Desai,North,Anjali Gupta,Sports,Dumbbells Set,5081.43,2,10162.86,Pending
ORD00209,25-01-2024,Meera Joshi,North,Sneha Iyer,Clothing,Jeans,645.42,1,645.42,Delivered
ORD00461,25-01-2024,Manish Patel,East,Vikram Singh,Electronics,Laptop,32429.38,1,32429.38,Cancelled
ORD00255,26-01-2024,Nikhil Joshi,West,Aarav Sharma,Groceries,Cooking Oil 1L,256.49,1,256.49,Delivered
ORD02428,27-01-2024,Manish Patel,North,Arjun Rao,Electronics,Tablet,75827.65,1,75827.65,Delivered
ORD02014,27-01-2024,Suresh Patel,North,Aarav Sharma,Clothing,Formal Shirt,1641.94,1,1641.94,Pending
ORD02237,28-01-2024,Kavya Malhotra,East,Priya Nair,Furniture,Bookshelf,21536.63,1,21536.63,Delivered
ORD00170,28-01-2024,Manish Nair,West,Neha Reddy,Electronics,Tablet,2704.37,1,2704.37,Delivered
ORD02020,28-01-2024,Gaurav Nair,West,Rohan Mehta,Clothing,Jeans,3480.73,2,6961.46,Pending
ORD02345,28-01-2024,Vivek Kapoor,South,Karan Verma,Groceries,Rice 5kg,1080.78,2,2161.56,Cancelled
ORD00711,29-01-2024,Rajesh Joshi,South,Rohan Mehta,Clothing,T-Shirt,1338.38,1,1338.38,Delivered
ORD01721,29-01-2024,Suresh Kumar,West,Anjali Gupta,Groceries,Cooking Oil 1L,276.68,1,276.68,Cancelled
ORD00533,29-01-2024,Isha Rao,Central,Rohan Mehta,Furniture,Study Table,10549.91,2,21099.82,Delivered
ORD00489,30-01-2024,Suresh Joshi,Central,Sneha Iyer,Furniture,Sofa,20367,1,20367,Delivered
ORD02338,30-01-2024,Aditi Nair,South,Sneha Iyer,Electronics,Tablet,77678.33,3,233034.99,Cancelled
ORD01576,31-01-2024,Tarun Desai,North,Divya Menon,Clothing,Jeans,622.46,1,622.46,Delivered
ORD01558,31-01-2024,Sonal Rao,South,Priya Nair,Sports,Yoga Mat,1230.47,1,1230.47,Delivered
ORD02039,31-01-2024,Shreya Reddy,North,Arjun Rao,Clothing,Jacket,1923.23,2,3846.46,Delivered
ORD01551,31-01-2024,Sanjay Rao,West,Rohan Mehta,Electronics,Laptop,6029.65,1,6029.65,Pending
ORD02015,31-01-2024,Tarun Malhotra,East,Aarav Sharma,Sports,Football,2374.68,1,2374.68,Delivered
ORD01388,31-01-2024,Isha Kumar,East,Vikram Singh,Electronics,Tablet,3489.62,2,6979.24,Pending
ORD01553,01-02-2024,Nikhil Reddy,East,Anjali Gupta,Groceries,Atta 10kg,1738.62,1,1738.62,Delivered
ORD01404,01-02-2024,Rajesh Patel,West,Sneha Iyer,Electronics,Laptop,33161.51,5,165807.55,Cancelled
ORD01969,01-02-2024,Rahul Shah,North,Arjun Rao,Electronics,Smartphone,77304.29,1,77304.29,Delivered
ORD02325,01-02-2024,Sanjay Rao,South,Divya Menon,Sports,Dumbbells Set,5226.36,1,5226.36,Cancelled
ORD01427,01-02-2024,Kavya Kapoor,South,Vikram Singh,Clothing,Formal Shirt,1965.93,2,3931.86,Delivered
ORD00011,02-02-2024,Aditi Shah,East,Rohan Mehta,Electronics,Tablet,58909.28,1,58909.28,Cancelled
ORD02209,02-02-2024,Suresh Desai,South,Priya Nair,Electronics,Laptop,69931.81,1,69931.81,Delivered
ORD02409,02-02-2024,Ananya Kumar,Central,Priya Nair,Sports,Dumbbells Set,2181.04,2,4362.08,Delivered
ORD02094,03-02-2024,Tarun Desai,Central,Sneha Iyer,Electronics,Laptop,66167.19,2,132334.38,Delivered
ORD00998,03-02-2024,Shreya Malhotra,East,Priya Nair,Furniture,Sofa,17430.53,1,17430.53,Delivered
ORD00115,03-02-2024,Sanjay Rao,Central,Divya Menon,Groceries,Rice 5kg,1293.92,2,2587.84,Delivered
ORD01828,03-02-2024,Anita Nair,West,Divya Menon,Groceries,Spices Pack,765.6,1,765.6,Delivered
ORD01462,04-02-2024,Manish Kapoor,East,Karan Verma,Clothing,Formal Shirt,678.95,1,678.95,Delivered
ORD01525,05-02-2024,Manish Kumar,East,Sneha Iyer,Clothing,Jeans,2443.13,2,4886.26,Pending
ORD01656,05-02-2024,Amit Shah,North,Priya Nair,Sports,Cricket Bat,1544.39,1,1544.39,Delivered
ORD01381,05-02-2024,Gaurav Nair,Central,Divya Menon,Sports,Yoga Mat,2793.65,1,2793.65,Delivered
ORD00048,06-02-2024,Suresh Malhotra,North,Aarav Sharma,Electronics,Tablet,59712.88,1,59712.88,Pending
ORD02483,06-02-2024,Sanjay Malhotra,South,Divya Menon,Electronics,Headphones,41813.32,1,41813.32,Delivered
ORD01776,06-02-2024,Rajesh Reddy,Central,Neha Reddy,Furniture,Office Chair,18356.46,1,18356.46,Delivered
ORD00359,07-02-2024,Pooja Malhotra,South,Priya Nair,Clothing,Formal Shirt,3070.83,2,6141.66,Delivered
ORD00660,07-02-2024,Vivek Desai,East,Rohan Mehta,Electronics,Laptop,69630.69,1,69630.69,Pending
ORD01881,07-02-2024,Ananya Patel,South,Rohan Mehta,Electronics,Smartwatch,2263.55,2,4527.1,Delivered
ORD01700,07-02-2024,Isha Shah,South,Neha Reddy,Groceries,Rice 5kg,259.89,1,259.89,Delivered
ORD00920,08-02-2024,Vivek Joshi,Central,Vikram Singh,Furniture,Study Table,14694.73,1,14694.73,Delivered
ORD00051,08-02-2024,Isha Nair,South,Karan Verma,Electronics,Smartphone,77991.36,5,389956.8,Cancelled
ORD01419,08-02-2024,Rajesh Shah,West,Anjali Gupta,Electronics,Headphones,11967.89,3,35903.67,Delivered
ORD00524,08-02-2024,Vivek Kapoor,West,Sneha Iyer,Groceries,Cooking Oil 1L,292.45,1,292.45,Cancelled
ORD01918,08-02-2024,Pooja Kumar,East,Aarav Sharma,Groceries,Cooking Oil 1L,568.47,1,568.47,Delivered
ORD00766,08-02-2024,Anita Kumar,East,Rohan Mehta,Electronics,Headphones,3410.33,1,3410.33,Delivered
ORD00356,09-02-2024,Isha Patel,South,Sneha Iyer,Electronics,Smartwatch,56102.21,2,112204.42,Delivered
ORD02217,09-02-2024,Aditi Kumar,East,Sneha Iyer,Sports,Dumbbells Set,6084.18,1,6084.18,Cancelled
ORD02254,09-02-2024,Rajesh Malhotra,North,Karan Verma,Groceries,Spices Pack,2290.62,1,2290.62,Delivered
ORD00411,09-02-2024,Rahul Patel,West,Aarav Sharma,Groceries,Cooking Oil 1L,1119.64,2,2239.28,Delivered
ORD00265,10-02-2024,Tarun Shah,North,Karan Verma,Clothing,Jeans,3095.77,1,3095.77,Delivered
ORD01821,10-02-2024,Isha Rao,North,Aarav Sharma,Sports,Yoga Mat,6936.08,1,6936.08,Pending
ORD00913,10-02-2024,Aditi Joshi,West,Rohan Mehta,Groceries,Cooking Oil 1L,1549.61,2,3099.22,Cancelled
ORD01418,11-02-2024,Shreya Rao,South,Vikram Singh,Electronics,Smartwatch,16675.46,2,33350.92,Delivered
ORD00090,11-02-2024,Aditi Nair,East,Anjali Gupta,Furniture,Bookshelf,12120.79,2,24241.58,Delivered
ORD01543,11-02-2024,Amit Reddy,West,Rohan Mehta,Furniture,Sofa,15685.65,2,31371.3,Delivered
ORD00683,12-02-2024,Pooja Malhotra,West,Divya Menon,Furniture,Sofa,6497.61,1,6497.61,Delivered
ORD00511,12-02-2024,Sonal Malhotra,East,Divya Menon,Electronics,Smartwatch,44981.97,1,44981.97,Delivered
ORD00044,12-02-2024,Vivek Shah,Central,Rohan Mehta,Electronics,Tablet,18737.95,1,18737.95,Delivered
ORD01147,12-02-2024,Riya Nair,North,Rohan Mehta,Clothing,Jacket,3554.73,1,3554.73,Delivered
ORD00836,12-02-2024,Gaurav Kumar,South,Divya Menon,Clothing,Jeans,1174.97,2,2349.94,Cancelled
ORD00366,12-02-2024,Manish Rao,South,Vikram Singh,Clothing,Formal Shirt,3271.17,1,3271.17,Delivered
ORD02159,13-02-2024,Manish Desai,West,Divya Menon,Electronics,Laptop,48404.56,2,96809.12,Pending
ORD02357,13-02-2024,Pooja Malhotra,South,Rohan Mehta,Sports,Football,1238.25,1,1238.25,Pending
ORD02440,13-02-2024,Aditi Shah,Central,Rohan Mehta,Clothing,Formal Shirt,848.19,1,848.19,Delivered
ORD01797,13-02-2024,Ananya Patel,West,Anjali Gupta,Electronics,Smartphone,44001.13,1,44001.13,Delivered
ORD00879,13-02-2024,Shreya Reddy,East,Priya Nair,Electronics,Headphones,62155.54,1,62155.54,Delivered
ORD00644,14-02-2024,Tarun Desai,Central,Vikram Singh,Electronics,Smartwatch,25233.03,2,50466.06,Delivered
ORD02162,14-02-2024,Suresh Patel,East,Divya Menon,Electronics,Headphones,66775.85,1,66775.85,Cancelled
ORD00590,14-02-2024,Aditi Joshi,East,Divya Menon,Electronics,Smartphone,18372.02,1,18372.02,Cancelled
ORD01382,14-02-2024,Ananya Joshi,South,Priya Nair,Furniture,Sofa,15699.63,2,31399.26,Pending
ORD02268,14-02-2024,Pooja Rao,Central,Priya Nair,Sports,Cricket Bat,6414.26,1,6414.26,Pending
ORD01084,15-02-2024,Vivek Shah,East,Vikram Singh,Groceries,Cooking Oil 1L,1836.66,2,3673.32,Cancelled
ORD01451,15-02-2024,Anita Malhotra,North,Anjali Gupta,Electronics,Laptop,9620.85,1,9620.85,Delivered
ORD00885,15-02-2024,Riya Malhotra,West,Divya Menon,Furniture,Sofa,1718.79,1,1718.79,Delivered
ORD02007,15-02-2024,Aditi Desai,East,Sneha Iyer,Sports,Cricket Bat,5339.82,1,5339.82,Delivered
ORD01168,16-02-2024,Aditi Kapoor,South,Karan Verma,Clothing,Jacket,3040.1,1,3040.1,Delivered
ORD02072,16-02-2024,Anita Patel,West,Neha Reddy,Groceries,Cooking Oil 1L,1595.62,1,1595.62,Delivered
ORD01761,16-02-2024,Pooja Rao,Central,Vikram Singh,Groceries,Spices Pack,1916.17,2,3832.34,Cancelled
ORD01961,16-02-2024,Isha Malhotra,East,Aarav Sharma,Groceries,Cooking Oil 1L,1472.04,3,4416.12,Cancelled
ORD02070,16-02-2024,Anita Kumar,North,Divya Menon,Clothing,Jeans,2275.61,1,2275.61,Delivered
ORD00482,17-02-2024,Shreya Patel,Central,Vikram Singh,Electronics,Headphones,20329.55,2,40659.1,Delivered
ORD00795,18-02-2024,Kavya Kumar,South,Aarav Sharma,Sports,Cricket Bat,7163.12,1,7163.12,Delivered
ORD01695,18-02-2024,Isha Shah,East,Neha Reddy,Furniture,Sofa,24129.93,2,48259.86,Delivered
ORD01763,18-02-2024,Sonal Malhotra,North,Vikram Singh,Clothing,Formal Shirt,1473.31,1,1473.31,Delivered
ORD02380,18-02-2024,Manish Joshi,South,Priya Nair,Groceries,Atta 10kg,452.31,1,452.31,Delivered
ORD01642,19-02-2024,Manish Nair,West,Sneha Iyer,Furniture,Office Chair,1670.43,5,8352.15,Delivered
ORD01753,19-02-2024,Anita Rao,South,Priya Nair,Clothing,Jacket,1940.75,1,1940.75,Delivered
ORD02313,19-02-2024,Sonal Nair,West,Neha Reddy,Clothing,T-Shirt,2668.34,5,13341.7,Delivered
ORD01267,19-02-2024,Manish Kumar,South,Arjun Rao,Sports,Dumbbells Set,2998.62,2,5997.24,Delivered
ORD00570,19-02-2024,Amit Shah,South,Sneha Iyer,Furniture,Study Table,2609.12,3,7827.36,Pending
ORD02108,20-02-2024,Sonal Rao,West,Rohan Mehta,Groceries,Spices Pack,631.48,1,631.48,Delivered
ORD00971,20-02-2024,Rajesh Joshi,North,Sneha Iyer,Furniture,Sofa,21553.64,2,43107.28,Cancelled
ORD00667,21-02-2024,Sanjay Joshi,Central,Rohan Mehta,Electronics,Tablet,58348.09,1,58348.09,Delivered
ORD00514,21-02-2024,Tarun Kapoor,West,Arjun Rao,Clothing,Formal Shirt,668.7,2,1337.4,Pending
ORD01297,21-02-2024,Sanjay Joshi,East,Vikram Singh,Groceries,Cooking Oil 1L,486.51,1,486.51,Delivered
ORD02299,21-02-2024,Rahul Patel,Central,Arjun Rao,Clothing,Formal Shirt,3600.53,1,3600.53,Delivered
ORD00860,21-02-2024,Meera Joshi,North,Neha Reddy,Electronics,Smartwatch,65709.88,3,197129.64,Delivered
ORD00440,22-02-2024,Amit Nair,Central,Anjali Gupta,Electronics,Smartwatch,40279.67,1,40279.67,Pending
ORD00848,22-02-2024,Sanjay Desai,West,Neha Reddy,Electronics,Headphones,60894.71,1,60894.71,Delivered
ORD02431,22-02-2024,Sanjay Shah,West,Vikram Singh,Groceries,Spices Pack,1685.02,3,5055.06,Delivered
ORD01165,22-02-2024,Rahul Nair,Central,Arjun Rao,Furniture,Office Chair,22434.37,1,22434.37,Delivered
ORD02382,22-02-2024,Nikhil Shah,South,Sneha Iyer,Clothing,Formal Shirt,2045.29,1,2045.29,Delivered
ORD00035,23-02-2024,Kavya Joshi,West,Karan Verma,Groceries,Rice 5kg,1353.38,2,2706.76,Pending
ORD00856,24-02-2024,Rajesh Joshi,East,Anjali Gupta,Electronics,Tablet,75858.43,1,75858.43,Delivered
ORD01661,25-02-2024,Pooja Shah,North,Vikram Singh,Electronics,Smartwatch,65280.53,1,65280.53,Delivered
ORD00700,25-02-2024,Aditi Desai,South,Rohan Mehta,Electronics,Smartwatch,13221.7,1,13221.7,Delivered
ORD00432,25-02-2024,Kavya Kumar,West,Divya Menon,Electronics,Headphones,27447.81,1,27447.81,Delivered
ORD01542,26-02-2024,Manish Joshi,East,Anjali Gupta,Electronics,Smartwatch,52663.04,1,52663.04,Delivered
ORD01874,27-02-2024,Riya Rao,South,Aarav Sharma,Groceries,Rice 5kg,2308.72,1,2308.72,Delivered
ORD00566,28-02-2024,Isha Reddy,West,Rohan Mehta,Clothing,T-Shirt,2938.15,2,5876.3,Cancelled
ORD00704,28-02-2024,Ananya Malhotra,West,Priya Nair,Clothing,Jeans,2872.04,1,2872.04,Delivered
ORD00371,28-02-2024,Anita Nair,Central,Priya Nair,Furniture,Study Table,11670.02,1,11670.02,Delivered
ORD01672,29-02-2024,Gaurav Desai,North,Neha Reddy,Groceries,Cooking Oil 1L,910.14,1,910.14,Delivered
ORD02262,29-02-2024,Vivek Reddy,North,Aarav Sharma,Clothing,Jacket,2342.25,1,2342.25,Delivered
ORD02193,01-03-2024,Nikhil Reddy,North,Priya Nair,Groceries,Cooking Oil 1L,1075.06,1,1075.06,Delivered
ORD00413,01-03-2024,Kavya Reddy,Central,Sneha Iyer,Furniture,Office Chair,20909.07,1,20909.07,Delivered
ORD02186,02-03-2024,Pooja Kumar,Central,Rohan Mehta,Clothing,Jeans,984.92,1,984.92,Delivered
ORD02457,02-03-2024,Rajesh Kumar,South,Anjali Gupta,Electronics,Smartwatch,17741.93,2,35483.86,Delivered
ORD01104,02-03-2024,Ananya Malhotra,South,Anjali Gupta,Sports,Cricket Bat,619.54,1,619.54,Cancelled
ORD01583,02-03-2024,Shreya Malhotra,East,Sneha Iyer,Furniture,Bookshelf,10909.26,1,10909.26,Pending
ORD01595,03-03-2024,Rajesh Joshi,East,Vikram Singh,Electronics,Tablet,47405.47,2,94810.94,Delivered
ORD02110,03-03-2024,Vivek Patel,North,Priya Nair,Furniture,Study Table,8174.67,1,8174.67,Delivered
ORD00637,03-03-2024,Anita Kapoor,North,Priya Nair,Clothing,Jeans,3122.29,1,3122.29,Delivered
ORD00430,04-03-2024,Tarun Kapoor,South,Vikram Singh,Sports,Cricket Bat,955.3,1,955.3,Delivered
ORD00424,04-03-2024,Rajesh Patel,South,Aarav Sharma,Clothing,T-Shirt,1045.68,2,2091.36,Delivered
ORD00488,04-03-2024,Gaurav Patel,West,Priya Nair,Electronics,Smartwatch,44698.36,2,89396.72,Cancelled
ORD01836,04-03-2024,Anita Nair,Central,Anjali Gupta,Furniture,Bookshelf,14632.21,1,14632.21,Pending
ORD00587,05-03-2024,Kavya Patel,West,Karan Verma,Clothing,Formal Shirt,3673.13,2,7346.26,Pending
ORD00832,05-03-2024,Shreya Patel,Central,Aarav Sharma,Electronics,Tablet,38456.21,1,38456.21,Cancelled
ORD00682,06-03-2024,Kavya Kumar,East,Rohan Mehta,Electronics,Headphones,55114.36,2,110228.72,Delivered
ORD01840,07-03-2024,Manish Shah,East,Rohan Mehta,Electronics,Laptop,76717.18,2,153434.36,Pending
ORD02272,08-03-2024,Aditi Kumar,West,Arjun Rao,Clothing,Jacket,3997.67,1,3997.67,Pending
ORD01218,08-03-2024,Anita Kapoor,South,Rohan Mehta,Electronics,Smartwatch,38682.15,1,38682.15,Delivered
ORD02311,08-03-2024,Aditi Kumar,West,Anjali Gupta,Furniture,Study Table,8016.34,2,16032.68,Cancelled
ORD01847,08-03-2024,Sanjay Shah,South,Aarav Sharma,Electronics,Headphones,69519.73,1,69519.73,Cancelled
ORD02304,08-03-2024,Anita Patel,Central,Sneha Iyer,Sports,Cricket Bat,6042.52,1,6042.52,Cancelled
ORD01466,08-03-2024,Nikhil Kumar,North,Karan Verma,Sports,Cricket Bat,3788.21,2,7576.42,Delivered
ORD01137,09-03-2024,Aditi Desai,North,Sneha Iyer,Sports,Football,4466.94,1,4466.94,Delivered
ORD00555,09-03-2024,Nikhil Kapoor,Central,Sneha Iyer,Groceries,Spices Pack,2038.52,2,4077.04,Cancelled
ORD00301,09-03-2024,Ananya Shah,Central,Vikram Singh,Electronics,Laptop,43516.09,1,43516.09,Delivered
ORD01324,10-03-2024,Tarun Reddy,South,Rohan Mehta,Groceries,Atta 10kg,2361.62,5,11808.1,Delivered
ORD02088,10-03-2024,Anita Kapoor,Central,Karan Verma,Clothing,Formal Shirt,2567.95,2,5135.9,Delivered
ORD01991,10-03-2024,Ananya Kapoor,South,Karan Verma,Electronics,Smartwatch,10486.98,3,31460.94,Delivered
ORD01336,11-03-2024,Manish Reddy,West,Sneha Iyer,Furniture,Bookshelf,17197.37,1,17197.37,Delivered
ORD00649,11-03-2024,Sanjay Reddy,West,Sneha Iyer,Furniture,Office Chair,23716.23,1,23716.23,Delivered
ORD01867,11-03-2024,Isha Nair,Central,Rohan Mehta,Groceries,Spices Pack,214.5,1,214.5,Cancelled
ORD01069,11-03-2024,Rajesh Patel,Central,Rohan Mehta,Groceries,Cooking Oil 1L,291.96,1,291.96,Cancelled
ORD00714,11-03-2024,Sonal Kapoor,Central,Anjali Gupta,Electronics,Headphones,79705.51,1,79705.51,Delivered
ORD01417,12-03-2024,Sanjay Joshi,South,Anjali Gupta,Furniture,Office Chair,11230.61,1,11230.61,Delivered
ORD00449,12-03-2024,Sonal Kumar,East,Vikram Singh,Sports,Dumbbells Set,3224.09,2,6448.18,Delivered
ORD00743,13-03-2024,Pooja Patel,East,Neha Reddy,Furniture,Office Chair,18562.44,2,37124.88,Delivered
ORD02142,13-03-2024,Anita Shah,Central,Anjali Gupta,Electronics,Smartwatch,57497.45,1,57497.45,Pending
ORD01423,13-03-2024,Nikhil Desai,East,Anjali Gupta,Furniture,Study Table,4519.84,1,4519.84,Pending
ORD01735,13-03-2024,Nikhil Shah,East,Priya Nair,Clothing,Jeans,3396.96,2,6793.92,Delivered
ORD01282,13-03-2024,Ananya Patel,North,Vikram Singh,Electronics,Headphones,30772.84,1,30772.84,Pending
ORD01173,14-03-2024,Rajesh Kapoor,Central,Vikram Singh,Furniture,Study Table,18866.31,1,18866.31,Cancelled
ORD00319,14-03-2024,Rajesh Joshi,South,Priya Nair,Groceries,Spices Pack,1431.18,1,1431.18,Cancelled
ORD01500,14-03-2024,Sanjay Kumar,West,Neha Reddy,Sports,Dumbbells Set,6888.14,2,13776.28,Delivered
ORD00243,14-03-2024,Aditi Rao,South,Rohan Mehta,Sports,Dumbbells Set,1327.8,1,1327.8,Delivered
ORD00634,15-03-2024,Pooja Shah,North,Neha Reddy,Sports,Dumbbells Set,5139.47,1,5139.47,Delivered
ORD00516,15-03-2024,Meera Nair,North,Vikram Singh,Sports,Yoga Mat,3797.21,1,3797.21,Delivered
ORD01391,15-03-2024,Pooja Kumar,North,Karan Verma,Furniture,Office Chair,4212.55,1,4212.55,Delivered
ORD01860,17-03-2024,Manish Shah,Central,Rohan Mehta,Furniture,Office Chair,8516.84,1,8516.84,Delivered
ORD02211,17-03-2024,Gaurav Joshi,East,Rohan Mehta,Furniture,Office Chair,15095.03,1,15095.03,Pending
ORD02280,17-03-2024,Suresh Desai,North,Vikram Singh,Electronics,Laptop,53186.21,2,106372.42,Delivered
ORD01037,17-03-2024,Rajesh Kapoor,Central,Arjun Rao,Electronics,Smartwatch,58205.74,2,116411.48,Delivered
ORD01665,18-03-2024,Sanjay Shah,East,Vikram Singh,Electronics,Laptop,33611.03,2,67222.06,Pending
ORD02255,18-03-2024,Isha Kapoor,West,Arjun Rao,Clothing,Formal Shirt,2483.38,1,2483.38,Delivered
ORD01628,18-03-2024,Rahul Patel,East,Aarav Sharma,Clothing,Formal Shirt,3564.62,1,3564.62,Delivered
ORD02377,18-03-2024,Riya Kapoor,West,Anjali Gupta,Clothing,Jeans,2364.32,2,4728.64,Cancelled
ORD02463,19-03-2024,Manish Kapoor,South,Vikram Singh,Groceries,Cooking Oil 1L,137.73,1,137.73,Delivered
ORD01331,19-03-2024,Shreya Kapoor,North,Neha Reddy,Groceries,Cooking Oil 1L,2378.89,1,2378.89,Delivered
ORD01205,19-03-2024,Shreya Malhotra,West,Aarav Sharma,Sports,Dumbbells Set,6639.78,1,6639.78,Delivered
ORD02226,19-03-2024,Tarun Rao,North,Priya Nair,Clothing,Jeans,2216.65,1,2216.65,Pending
ORD00898,20-03-2024,Manish Reddy,East,Sneha Iyer,Electronics,Headphones,17214.27,3,51642.81,Pending
ORD01406,20-03-2024,Anita Kapoor,Central,Arjun Rao,Clothing,Jacket,610.93,1,610.93,Delivered
ORD01235,21-03-2024,Rajesh Joshi,West,Arjun Rao,Furniture,Sofa,4034.61,1,4034.61,Delivered
ORD01936,21-03-2024,Isha Rao,East,Arjun Rao,Sports,Football,3830.83,1,3830.83,Delivered
ORD01308,21-03-2024,Amit Nair,West,Vikram Singh,Electronics,Headphones,60388.05,1,60388.05,Pending
ORD00309,22-03-2024,Gaurav Malhotra,Central,Rohan Mehta,Furniture,Sofa,19466.4,1,19466.4,Delivered
ORD02021,22-03-2024,Ananya Kapoor,North,Anjali Gupta,Furniture,Study Table,1884.86,2,3769.72,Pending
ORD00351,22-03-2024,Nikhil Malhotra,West,Sneha Iyer,Clothing,Jeans,3648.05,2,7296.1,Delivered
ORD02448,23-03-2024,Vivek Shah,West,Rohan Mehta,Groceries,Atta 10kg,755.68,1,755.68,Cancelled
ORD02166,23-03-2024,Gaurav Malhotra,Central,Vikram Singh,Sports,Yoga Mat,2976.37,5,14881.85,Pending
ORD01209,23-03-2024,Sonal Kumar,North,Divya Menon,Groceries,Cooking Oil 1L,1537.84,1,1537.84,Delivered
ORD00480,23-03-2024,Meera Rao,North,Priya Nair,Sports,Cricket Bat,2665.57,1,2665.57,Delivered
ORD01468,24-03-2024,Sanjay Shah,West,Neha Reddy,Groceries,Rice 5kg,1692.54,1,1692.54,Cancelled
ORD00611,24-03-2024,Pooja Nair,Central,Rohan Mehta,Sports,Yoga Mat,948.84,1,948.84,Cancelled
ORD01452,24-03-2024,Suresh Patel,Central,Divya Menon,Electronics,Laptop,77935.07,1,77935.07,Cancelled
ORD01508,24-03-2024,Rajesh Desai,South,Vikram Singh,Furniture,Bookshelf,5551.31,2,11102.62,Cancelled
ORD00925,24-03-2024,Meera Malhotra,North,Karan Verma,Clothing,Jacket,2461.66,1,2461.66,Delivered
ORD00643,24-03-2024,Pooja Shah,North,Priya Nair,Electronics,Smartwatch,26287.79,1,26287.79,Pending
ORD01129,24-03-2024,Tarun Patel,West,Karan Verma,Sports,Dumbbells Set,728.68,2,1457.36,Cancelled
ORD00815,24-03-2024,Rahul Rao,Central,Aarav Sharma,Furniture,Study Table,5019.76,1,5019.76,Delivered
ORD00151,24-03-2024,Anita Patel,South,Anjali Gupta,Furniture,Office Chair,11894.02,1,11894.02,Cancelled
ORD00103,24-03-2024,Shreya Nair,Central,Neha Reddy,Groceries,Spices Pack,1095.1,1,1095.1,Delivered
ORD00781,25-03-2024,Ananya Shah,Central,Arjun Rao,Groceries,Rice 5kg,2422.87,2,4845.74,Pending
ORD01369,26-03-2024,Tarun Kapoor,South,Aarav Sharma,Groceries,Rice 5kg,600.99,1,600.99,Pending
ORD02017,26-03-2024,Meera Reddy,South,Divya Menon,Electronics,Tablet,32798.59,1,32798.59,Delivered
ORD00960,26-03-2024,Meera Shah,East,Divya Menon,Clothing,T-Shirt,2095.9,1,2095.9,Delivered
ORD00459,27-03-2024,Suresh Kumar,East,Divya Menon,Electronics,Laptop,36324.53,2,72649.06,Delivered
ORD01942,27-03-2024,Riya Shah,Central,Neha Reddy,Sports,Yoga Mat,819.76,1,819.76,Pending
ORD02470,27-03-2024,Suresh Patel,South,Rohan Mehta,Groceries,Rice 5kg,2031.27,1,2031.27,Delivered
ORD00107,27-03-2024,Isha Rao,North,Arjun Rao,Sports,Dumbbells Set,5812.99,1,5812.99,Delivered
ORD00363,28-03-2024,Shreya Patel,South,Vikram Singh,Electronics,Headphones,64674.41,1,64674.41,Delivered
ORD00855,28-03-2024,Rahul Malhotra,North,Arjun Rao,Electronics,Smartphone,41677.97,2,83355.94,Cancelled
ORD02278,28-03-2024,Riya Nair,Central,Sneha Iyer,Sports,Dumbbells Set,5257.62,1,5257.62,Cancelled
ORD00896,28-03-2024,Nikhil Kapoor,West,Rohan Mehta,Sports,Football,2090.77,1,2090.77,Delivered
ORD02327,28-03-2024,Tarun Joshi,Central,Sneha Iyer,Electronics,Tablet,16924.89,1,16924.89,Delivered
ORD02287,30-03-2024,Sonal Kapoor,North,Neha Reddy,Groceries,Atta 10kg,2098.89,2,4197.78,Delivered
ORD00159,30-03-2024,Amit Shah,West,Aarav Sharma,Clothing,Jeans,3357.19,1,3357.19,Delivered
ORD00639,30-03-2024,Manish Nair,East,Arjun Rao,Groceries,Cooking Oil 1L,2009.58,1,2009.58,Delivered
ORD00045,30-03-2024,Kavya Joshi,East,Arjun Rao,Furniture,Study Table,17517.92,1,17517.92,Delivered
ORD00943,30-03-2024,Rajesh Rao,Central,Vikram Singh,Sports,Cricket Bat,2434.89,5,12174.45,Delivered
ORD00338,30-03-2024,Sonal Desai,East,Rohan Mehta,Electronics,Smartphone,71893.86,2,143787.72,Delivered
ORD00887,31-03-2024,Aditi Patel,Central,Arjun Rao,Groceries,Atta 10kg,490.97,2,981.94,Pending
ORD01140,31-03-2024,Ananya Nair,North,Anjali Gupta,Sports,Football,7916.73,1,7916.73,Delivered
ORD02361,31-03-2024,Meera Malhotra,West,Karan Verma,Groceries,Rice 5kg,2382.5,1,2382.5,Pending
ORD01647,31-03-2024,Nikhil Desai,East,Priya Nair,Groceries,Cooking Oil 1L,2153,1,2153,Delivered
ORD00214,01-04-2024,Sanjay Desai,South,Karan Verma,Groceries,Atta 10kg,1860.67,2,3721.34,Delivered
ORD00802,01-04-2024,Vivek Malhotra,West,Rohan Mehta,Clothing,T-Shirt,2278.59,1,2278.59,Pending
ORD01301,01-04-2024,Isha Joshi,South,Arjun Rao,Groceries,Spices Pack,609.23,2,1218.46,Pending
ORD02118,01-04-2024,Suresh Rao,North,Anjali Gupta,Clothing,Jeans,3635.34,1,3635.34,Delivered
ORD01827,02-04-2024,Sonal Nair,West,Aarav Sharma,Sports,Dumbbells Set,1356.57,1,1356.57,Delivered
ORD01114,02-04-2024,Amit Nair,West,Rohan Mehta,Clothing,Jacket,2059.72,1,2059.72,Delivered
ORD01169,03-04-2024,Tarun Kapoor,North,Karan Verma,Groceries,Cooking Oil 1L,1508.37,2,3016.74,Delivered
ORD00426,03-04-2024,Sonal Rao,West,Anjali Gupta,Sports,Football,4709.08,1,4709.08,Delivered
ORD00556,04-04-2024,Sonal Shah,North,Karan Verma,Electronics,Headphones,5839.23,1,5839.23,Cancelled
ORD02484,04-04-2024,Nikhil Desai,North,Rohan Mehta,Groceries,Spices Pack,371.74,1,371.74,Pending
ORD00787,05-04-2024,Sanjay Joshi,North,Karan Verma,Groceries,Spices Pack,1831.48,3,5494.44,Cancelled
ORD01475,05-04-2024,Rajesh Joshi,East,Rohan Mehta,Electronics,Smartphone,52121.23,1,52121.23,Delivered
ORD00502,05-04-2024,Manish Desai,Central,Karan Verma,Clothing,Formal Shirt,2612.15,1,2612.15,Delivered
ORD01568,06-04-2024,Sanjay Reddy,East,Neha Reddy,Electronics,Tablet,60049.29,2,120098.58,Delivered
ORD02230,06-04-2024,Shreya Joshi,West,Neha Reddy,Sports,Cricket Bat,4681.86,1,4681.86,Pending
ORD01086,06-04-2024,Anita Joshi,West,Arjun Rao,Furniture,Bookshelf,9870.97,1,9870.97,Delivered
ORD02161,06-04-2024,Isha Kumar,North,Neha Reddy,Groceries,Spices Pack,1491.75,1,1491.75,Delivered
ORD02296,06-04-2024,Pooja Nair,North,Rohan Mehta,Electronics,Smartphone,77456.11,2,154912.22,Cancelled
ORD00710,07-04-2024,Isha Patel,South,Aarav Sharma,Clothing,Jeans,3958.57,1,3958.57,Delivered
ORD02421,07-04-2024,Kavya Kumar,Central,Sneha Iyer,Sports,Cricket Bat,6828.53,1,6828.53,Delivered
ORD01635,07-04-2024,Amit Shah,West,Divya Menon,Clothing,Jeans,599.23,2,1198.46,Cancelled
ORD01873,07-04-2024,Riya Kapoor,West,Vikram Singh,Furniture,Study Table,16133.46,1,16133.46,Cancelled
ORD02052,07-04-2024,Shreya Desai,Central,Anjali Gupta,Groceries,Rice 5kg,1487.54,1,1487.54,Delivered
ORD01804,07-04-2024,Gaurav Malhotra,South,Priya Nair,Clothing,T-Shirt,2608.57,1,2608.57,Cancelled
ORD02263,07-04-2024,Meera Patel,Central,Karan Verma,Electronics,Laptop,27266.39,2,54532.78,Pending
ORD01058,07-04-2024,Sonal Shah,West,Karan Verma,Furniture,Bookshelf,3641.73,2,7283.46,Delivered
ORD00560,08-04-2024,Anita Rao,East,Rohan Mehta,Furniture,Study Table,8861.76,1,8861.76,Delivered
ORD01499,09-04-2024,Rahul Rao,Central,Aarav Sharma,Furniture,Office Chair,12617.72,3,37853.16,Delivered
ORD00002,09-04-2024,Rahul Desai,West,Anjali Gupta,Electronics,Headphones,3605.59,3,10816.77,Delivered
ORD00597,10-04-2024,Pooja Malhotra,North,Aarav Sharma,Furniture,Office Chair,10589.97,1,10589.97,Delivered
ORD00600,10-04-2024,Suresh Rao,West,Priya Nair,Groceries,Rice 5kg,993,2,1986,Delivered
ORD00548,10-04-2024,Vivek Malhotra,North,Divya Menon,Sports,Dumbbells Set,4914.6,1,4914.6,Pending
ORD00213,10-04-2024,Suresh Shah,South,Karan Verma,Groceries,Spices Pack,517.01,1,517.01,Delivered
ORD02160,11-04-2024,Tarun Malhotra,South,Priya Nair,Clothing,Jacket,2769.51,1,2769.51,Delivered
ORD00261,11-04-2024,Aditi Joshi,North,Rohan Mehta,Sports,Yoga Mat,1549.2,1,1549.2,Delivered
ORD00698,12-04-2024,Shreya Kapoor,East,Vikram Singh,Sports,Football,4647.37,1,4647.37,Delivered
ORD00594,12-04-2024,Aditi Kapoor,West,Aarav Sharma,Groceries,Cooking Oil 1L,1531.52,2,3063.04,Delivered
ORD00747,12-04-2024,Rajesh Kapoor,Central,Divya Menon,Furniture,Office Chair,23714.72,2,47429.44,Pending
ORD01416,12-04-2024,Vivek Desai,North,Karan Verma,Electronics,Laptop,65354.68,1,65354.68,Delivered
ORD00001,12-04-2024,Sonal Rao,South,Rohan Mehta,Clothing,Jacket,3035.18,1,3035.18,Cancelled
ORD01319,13-04-2024,Sanjay Kapoor,North,Karan Verma,Clothing,T-Shirt,3263.03,1,3263.03,Delivered
ORD00032,13-04-2024,Isha Patel,South,Vikram Singh,Clothing,Jacket,2952.08,1,2952.08,Delivered
ORD01317,13-04-2024,Nikhil Kapoor,Central,Arjun Rao,Groceries,Spices Pack,2096.53,1,2096.53,Delivered
ORD00304,13-04-2024,Pooja Kumar,Central,Neha Reddy,Furniture,Bookshelf,16085.52,1,16085.52,Cancelled
ORD00987,14-04-2024,Aditi Kapoor,South,Priya Nair,Electronics,Laptop,65981.6,1,65981.6,Delivered
ORD02358,14-04-2024,Pooja Patel,North,Sneha Iyer,Electronics,Headphones,5110.14,1,5110.14,Delivered
ORD00064,14-04-2024,Pooja Desai,West,Aarav Sharma,Furniture,Office Chair,1821.29,1,1821.29,Pending
ORD00458,14-04-2024,Tarun Nair,South,Sneha Iyer,Clothing,Jeans,2981.63,2,5963.26,Delivered
ORD00722,15-04-2024,Sanjay Reddy,North,Vikram Singh,Clothing,Jacket,2989.48,1,2989.48,Pending
ORD00706,15-04-2024,Aditi Joshi,North,Aarav Sharma,Furniture,Sofa,5607.36,2,11214.72,Delivered
ORD00578,15-04-2024,Vivek Kapoor,South,Vikram Singh,Electronics,Smartwatch,73591.59,1,73591.59,Delivered
ORD00075,16-04-2024,Suresh Rao,North,Rohan Mehta,Sports,Cricket Bat,319.98,2,639.96,Pending
ORD01121,16-04-2024,Sonal Kumar,Central,Neha Reddy,Furniture,Office Chair,8212.23,1,8212.23,Cancelled
ORD01255,16-04-2024,Meera Malhotra,South,Karan Verma,Furniture,Study Table,13483.41,1,13483.41,Delivered
ORD02434,18-04-2024,Shreya Malhotra,East,Rohan Mehta,Furniture,Sofa,2782.54,1,2782.54,Delivered
ORD00444,18-04-2024,Pooja Kumar,East,Vikram Singh,Sports,Dumbbells Set,1898.07,1,1898.07,Delivered
ORD02291,19-04-2024,Ananya Nair,North,Anjali Gupta,Furniture,Study Table,8645.75,1,8645.75,Pending
ORD00965,19-04-2024,Shreya Rao,South,Divya Menon,Electronics,Smartwatch,19493.33,1,19493.33,Delivered
ORD00362,20-04-2024,Manish Kumar,North,Rohan Mehta,Clothing,T-Shirt,2416.33,2,4832.66,Delivered
ORD01743,20-04-2024,Shreya Kumar,Central,Neha Reddy,Electronics,Headphones,14207.62,1,14207.62,Delivered
ORD02056,20-04-2024,Nikhil Kumar,South,Priya Nair,Electronics,Tablet,43210.89,2,86421.78,Cancelled
ORD00231,20-04-2024,Aditi Joshi,Central,Rohan Mehta,Electronics,Smartphone,2727.87,1,2727.87,Delivered
ORD01857,20-04-2024,Rajesh Malhotra,Central,Aarav Sharma,Electronics,Smartphone,74832.05,2,149664.1,Delivered
ORD01056,20-04-2024,Ananya Kapoor,East,Rohan Mehta,Electronics,Tablet,4714.34,1,4714.34,Delivered
ORD02330,20-04-2024,Rahul Desai,South,Karan Verma,Electronics,Tablet,11719.71,1,11719.71,Pending
ORD01291,21-04-2024,Pooja Reddy,North,Vikram Singh,Clothing,T-Shirt,1590.28,1,1590.28,Delivered
ORD00509,21-04-2024,Meera Joshi,West,Sneha Iyer,Electronics,Headphones,59603.46,1,59603.46,Delivered
ORD01449,21-04-2024,Anita Kapoor,Central,Karan Verma,Furniture,Sofa,11754.25,2,23508.5,Pending
ORD00790,22-04-2024,Shreya Kumar,West,Priya Nair,Electronics,Laptop,58255.51,1,58255.51,Delivered
ORD00919,22-04-2024,Sanjay Patel,North,Karan Verma,Electronics,Smartwatch,41495.34,3,124486.02,Delivered
ORD01902,22-04-2024,Riya Rao,South,Arjun Rao,Electronics,Smartphone,31197.39,1,31197.39,Delivered
ORD01574,22-04-2024,Vivek Reddy,East,Aarav Sharma,Groceries,Atta 10kg,913.78,1,913.78,Cancelled
ORD00642,23-04-2024,Manish Kapoor,Central,Neha Reddy,Sports,Yoga Mat,3586.81,1,3586.81,Pending
ORD00397,24-04-2024,Anita Rao,East,Anjali Gupta,Electronics,Laptop,18527.76,1,18527.76,Delivered
ORD00113,24-04-2024,Sonal Joshi,North,Anjali Gupta,Groceries,Rice 5kg,1399.92,1,1399.92,Delivered
ORD01751,24-04-2024,Meera Nair,East,Aarav Sharma,Electronics,Laptop,54073.36,1,54073.36,Delivered
ORD01070,24-04-2024,Anita Shah,East,Arjun Rao,Electronics,Laptop,13664.85,1,13664.85,Delivered
ORD00717,24-04-2024,Amit Kapoor,East,Vikram Singh,Sports,Cricket Bat,5415.41,1,5415.41,Delivered
ORD00976,24-04-2024,Riya Desai,Central,Aarav Sharma,Electronics,Headphones,72656.25,1,72656.25,Delivered
ORD02138,24-04-2024,Rahul Shah,North,Karan Verma,Clothing,Jeans,481.22,1,481.22,Delivered
ORD01203,25-04-2024,Anita Nair,South,Neha Reddy,Sports,Football,4432,2,8864,Delivered
ORD01326,26-04-2024,Suresh Kapoor,East,Sneha Iyer,Electronics,Smartwatch,53984.68,1,53984.68,Delivered
ORD01481,26-04-2024,Nikhil Nair,East,Karan Verma,Groceries,Cooking Oil 1L,1889.09,1,1889.09,Delivered
ORD00695,26-04-2024,Tarun Kapoor,East,Neha Reddy,Electronics,Laptop,14987.28,2,29974.56,Cancelled
ORD02354,26-04-2024,Ananya Desai,North,Neha Reddy,Clothing,Jacket,3324.53,1,3324.53,Delivered
ORD00673,26-04-2024,Meera Patel,East,Vikram Singh,Groceries,Cooking Oil 1L,1814.7,1,1814.7,Pending
ORD01652,26-04-2024,Sanjay Shah,East,Priya Nair,Electronics,Smartwatch,46636.89,1,46636.89,Delivered
ORD00083,27-04-2024,Ananya Desai,East,Neha Reddy,Electronics,Headphones,66027.19,2,132054.38,Pending
ORD01123,27-04-2024,Riya Kumar,Central,Karan Verma,Electronics,Smartphone,37839.7,5,189198.5,Delivered
ORD00224,28-04-2024,Rahul Reddy,East,Neha Reddy,Electronics,Smartphone,27132.81,1,27132.81,Cancelled
ORD00236,28-04-2024,Suresh Joshi,South,Vikram Singh,Sports,Cricket Bat,5245.91,1,5245.91,Pending
ORD01575,29-04-2024,Sonal Desai,West,Neha Reddy,Sports,Football,3385.38,1,3385.38,Delivered
ORD00147,29-04-2024,Isha Joshi,West,Sneha Iyer,Electronics,Smartphone,79231.57,1,79231.57,Cancelled
ORD00273,29-04-2024,Suresh Malhotra,North,Aarav Sharma,Clothing,T-Shirt,646.03,1,646.03,Pending
ORD02195,29-04-2024,Sonal Kapoor,West,Anjali Gupta,Clothing,Jacket,2757.45,1,2757.45,Pending
ORD00416,29-04-2024,Amit Nair,East,Neha Reddy,Sports,Dumbbells Set,2787.31,2,5574.62,Cancelled
ORD00390,30-04-2024,Vivek Nair,South,Karan Verma,Electronics,Tablet,14516.08,1,14516.08,Delivered
ORD01517,30-04-2024,Aditi Joshi,West,Aarav Sharma,Groceries,Cooking Oil 1L,1423.58,1,1423.58,Delivered
ORD00483,30-04-2024,Isha Desai,East,Priya Nair,Furniture,Study Table,6521.91,1,6521.91,Delivered
ORD00878,01-05-2024,Nikhil Kumar,South,Sneha Iyer,Electronics,Smartphone,77027.28,1,77027.28,Delivered
ORD00472,01-05-2024,Aditi Shah,East,Priya Nair,Clothing,Formal Shirt,1550.75,1,1550.75,Delivered
ORD00407,01-05-2024,Rahul Rao,North,Arjun Rao,Furniture,Bookshelf,1696.55,1,1696.55,Delivered
ORD01485,02-05-2024,Vivek Shah,East,Vikram Singh,Sports,Yoga Mat,3794.67,1,3794.67,Delivered
ORD00705,02-05-2024,Pooja Kumar,West,Rohan Mehta,Sports,Dumbbells Set,3752.27,1,3752.27,Delivered
ORD00930,02-05-2024,Shreya Patel,East,Priya Nair,Groceries,Spices Pack,560.84,2,1121.68,Delivered
ORD00753,02-05-2024,Nikhil Shah,South,Anjali Gupta,Clothing,Jacket,3219.38,1,3219.38,Delivered
ORD00906,02-05-2024,Pooja Joshi,West,Vikram Singh,Electronics,Headphones,21492.33,1,21492.33,Delivered
ORD00267,03-05-2024,Anita Reddy,West,Divya Menon,Sports,Yoga Mat,2450.43,1,2450.43,Cancelled
ORD02189,03-05-2024,Anita Patel,North,Anjali Gupta,Electronics,Smartphone,73750.38,1,73750.38,Cancelled
ORD01120,03-05-2024,Nikhil Kumar,North,Rohan Mehta,Furniture,Office Chair,4043.33,3,12129.99,Delivered
ORD00983,04-05-2024,Rajesh Shah,East,Divya Menon,Groceries,Cooking Oil 1L,242.75,1,242.75,Delivered
ORD00299,04-05-2024,Pooja Shah,Central,Divya Menon,Groceries,Cooking Oil 1L,412.11,2,824.22,Pending
ORD00370,05-05-2024,Rajesh Desai,North,Karan Verma,Furniture,Office Chair,9794.52,1,9794.52,Pending
ORD02466,05-05-2024,Amit Rao,East,Karan Verma,Clothing,Formal Shirt,2747.44,1,2747.44,Pending
ORD00543,05-05-2024,Gaurav Shah,Central,Vikram Singh,Electronics,Smartphone,71430.77,1,71430.77,Delivered
ORD00551,05-05-2024,Gaurav Reddy,East,Arjun Rao,Groceries,Rice 5kg,858.59,1,858.59,Delivered
ORD01564,06-05-2024,Vivek Reddy,East,Priya Nair,Furniture,Sofa,15284.85,1,15284.85,Delivered
ORD00098,06-05-2024,Riya Reddy,East,Neha Reddy,Electronics,Smartwatch,31205.96,1,31205.96,Delivered
ORD00442,06-05-2024,Vivek Kumar,West,Divya Menon,Electronics,Tablet,70177.6,1,70177.6,Delivered
ORD01022,07-05-2024,Gaurav Joshi,East,Arjun Rao,Furniture,Sofa,22465.59,1,22465.59,Pending
ORD01340,07-05-2024,Meera Kapoor,South,Sneha Iyer,Furniture,Sofa,2817.88,1,2817.88,Cancelled
ORD00846,07-05-2024,Isha Shah,West,Neha Reddy,Groceries,Rice 5kg,651.32,1,651.32,Delivered
ORD01133,07-05-2024,Amit Desai,South,Divya Menon,Clothing,Formal Shirt,1408.48,1,1408.48,Pending
ORD00910,08-05-2024,Isha Desai,North,Rohan Mehta,Groceries,Rice 5kg,1135.98,2,2271.96,Delivered
ORD01493,08-05-2024,Sanjay Kumar,Central,Vikram Singh,Clothing,T-Shirt,3354.82,1,3354.82,Pending
ORD00693,08-05-2024,Sanjay Desai,East,Anjali Gupta,Electronics,Smartphone,16359.9,1,16359.9,Delivered
ORD00493,09-05-2024,Aditi Nair,Central,Neha Reddy,Groceries,Spices Pack,1454.16,2,2908.32,Cancelled
ORD00596,09-05-2024,Aditi Kapoor,West,Anjali Gupta,Furniture,Study Table,22266.57,1,22266.57,Delivered
ORD02290,09-05-2024,Isha Patel,South,Aarav Sharma,Groceries,Atta 10kg,1553.21,1,1553.21,Delivered
ORD01207,09-05-2024,Riya Reddy,North,Aarav Sharma,Groceries,Rice 5kg,470.78,1,470.78,Delivered
ORD00725,10-05-2024,Isha Patel,North,Rohan Mehta,Electronics,Headphones,53979.77,1,53979.77,Delivered
ORD01778,10-05-2024,Sonal Malhotra,East,Aarav Sharma,Electronics,Tablet,38535.94,2,77071.88,Delivered
ORD01962,10-05-2024,Rahul Reddy,Central,Karan Verma,Sports,Yoga Mat,302.54,1,302.54,Delivered
ORD00121,10-05-2024,Pooja Kumar,South,Rohan Mehta,Electronics,Smartwatch,56186.32,1,56186.32,Cancelled
ORD01899,10-05-2024,Anita Desai,Central,Neha Reddy,Groceries,Rice 5kg,958.43,2,1916.86,Cancelled
ORD01878,11-05-2024,Kavya Kumar,East,Arjun Rao,Clothing,Jacket,506.54,1,506.54,Delivered
ORD02375,11-05-2024,Isha Joshi,West,Karan Verma,Furniture,Bookshelf,7886.12,1,7886.12,Delivered
ORD00354,11-05-2024,Riya Shah,Central,Neha Reddy,Clothing,Formal Shirt,2191.14,1,2191.14,Pending
ORD02359,11-05-2024,Manish Reddy,South,Priya Nair,Sports,Dumbbells Set,5945.79,1,5945.79,Cancelled
ORD01536,12-05-2024,Meera Rao,Central,Karan Verma,Groceries,Spices Pack,622.55,1,622.55,Delivered
ORD00720,12-05-2024,Vivek Desai,North,Priya Nair,Electronics,Tablet,4275.25,1,4275.25,Pending
ORD00057,13-05-2024,Sonal Desai,Central,Anjali Gupta,Clothing,T-Shirt,3891.56,1,3891.56,Delivered
ORD02298,13-05-2024,Manish Patel,North,Vikram Singh,Electronics,Headphones,60550.72,1,60550.72,Delivered
ORD01090,13-05-2024,Tarun Malhotra,North,Rohan Mehta,Electronics,Laptop,42098.29,2,84196.58,Delivered
ORD00746,13-05-2024,Isha Joshi,Central,Anjali Gupta,Groceries,Spices Pack,1854.42,1,1854.42,Pending
ORD02240,14-05-2024,Manish Nair,East,Arjun Rao,Clothing,Formal Shirt,2418.36,1,2418.36,Delivered
ORD02173,14-05-2024,Meera Reddy,Central,Aarav Sharma,Sports,Yoga Mat,7787.21,2,15574.42,Delivered
ORD01687,14-05-2024,Sonal Patel,West,Aarav Sharma,Furniture,Office Chair,20633.96,2,41267.92,Cancelled
ORD01714,14-05-2024,Ananya Joshi,West,Anjali Gupta,Electronics,Laptop,10019.07,1,10019.07,Cancelled
ORD00986,15-05-2024,Manish Desai,West,Sneha Iyer,Electronics,Laptop,27566.15,2,55132.3,Cancelled
ORD00408,15-05-2024,Shreya Shah,South,Sneha Iyer,Furniture,Study Table,19876.06,2,39752.12,Cancelled
ORD01483,15-05-2024,Nikhil Kumar,North,Rohan Mehta,Furniture,Sofa,21417.77,2,42835.54,Delivered
ORD01808,16-05-2024,Gaurav Kapoor,West,Anjali Gupta,Electronics,Laptop,70063.75,1,70063.75,Delivered
ORD02496,16-05-2024,Manish Reddy,South,Anjali Gupta,Sports,Dumbbells Set,6840.61,3,20521.83,Delivered
ORD00750,16-05-2024,Isha Kumar,East,Karan Verma,Clothing,Formal Shirt,536.98,2,1073.96,Delivered
ORD01619,17-05-2024,Gaurav Desai,South,Aarav Sharma,Electronics,Smartphone,18361.16,1,18361.16,Delivered
ORD00070,17-05-2024,Sanjay Desai,Central,Priya Nair,Sports,Football,6220.67,1,6220.67,Delivered
ORD00996,17-05-2024,Sanjay Rao,North,Karan Verma,Sports,Cricket Bat,5717.17,1,5717.17,Delivered
ORD00814,17-05-2024,Suresh Malhotra,South,Priya Nair,Electronics,Laptop,69000.48,1,69000.48,Delivered
ORD01409,17-05-2024,Shreya Joshi,Central,Aarav Sharma,Furniture,Study Table,2753.49,1,2753.49,Delivered
ORD01620,17-05-2024,Isha Kapoor,West,Neha Reddy,Sports,Cricket Bat,3678.47,1,3678.47,Delivered
ORD00085,18-05-2024,Nikhil Desai,South,Neha Reddy,Sports,Cricket Bat,4400.94,1,4400.94,Delivered
ORD01788,18-05-2024,Sanjay Patel,South,Arjun Rao,Groceries,Rice 5kg,1970.41,1,1970.41,Delivered
ORD01363,19-05-2024,Manish Desai,Central,Karan Verma,Groceries,Rice 5kg,2057.7,1,2057.7,Delivered
ORD01201,20-05-2024,Nikhil Desai,South,Neha Reddy,Sports,Yoga Mat,2298.55,1,2298.55,Delivered
ORD00473,20-05-2024,Gaurav Joshi,West,Neha Reddy,Groceries,Spices Pack,1679.58,1,1679.58,Cancelled
ORD00104,20-05-2024,Meera Rao,Central,Aarav Sharma,Furniture,Sofa,6432.78,2,12865.56,Delivered
ORD00187,20-05-2024,Rajesh Shah,Central,Sneha Iyer,Furniture,Study Table,5408.79,1,5408.79,Delivered
ORD01033,21-05-2024,Meera Malhotra,North,Rohan Mehta,Sports,Football,2163.1,1,2163.1,Delivered
ORD02274,21-05-2024,Suresh Nair,East,Karan Verma,Electronics,Smartphone,19243.14,1,19243.14,Pending
ORD01594,22-05-2024,Rajesh Shah,Central,Arjun Rao,Electronics,Headphones,59674.6,1,59674.6,Pending
ORD02143,22-05-2024,Isha Rao,East,Arjun Rao,Electronics,Smartphone,26380.44,2,52760.88,Delivered
ORD01825,22-05-2024,Suresh Malhotra,West,Rohan Mehta,Furniture,Sofa,3509.83,2,7019.66,Pending
ORD01987,22-05-2024,Ananya Shah,Central,Divya Menon,Electronics,Smartwatch,79624.21,1,79624.21,Delivered
ORD01422,22-05-2024,Meera Joshi,East,Priya Nair,Electronics,Tablet,32033.22,2,64066.44,Delivered
ORD00205,22-05-2024,Sanjay Patel,North,Divya Menon,Sports,Cricket Bat,3311.03,1,3311.03,Cancelled
ORD01074,23-05-2024,Suresh Kapoor,South,Sneha Iyer,Sports,Cricket Bat,2444.97,2,4889.94,Cancelled
ORD00721,23-05-2024,Sanjay Patel,South,Aarav Sharma,Clothing,T-Shirt,2128.66,1,2128.66,Pending
ORD00023,23-05-2024,Pooja Nair,North,Karan Verma,Clothing,T-Shirt,2259.89,1,2259.89,Delivered
ORD02046,23-05-2024,Shreya Joshi,South,Sneha Iyer,Electronics,Laptop,45023.84,5,225119.2,Delivered
ORD01947,23-05-2024,Shreya Nair,North,Rohan Mehta,Clothing,Formal Shirt,663.94,1,663.94,Delivered
ORD01708,23-05-2024,Meera Desai,East,Aarav Sharma,Sports,Cricket Bat,1460.64,1,1460.64,Delivered
ORD00402,23-05-2024,Gaurav Malhotra,Central,Arjun Rao,Electronics,Smartwatch,56387.48,2,112774.96,Delivered
ORD01911,24-05-2024,Rahul Shah,North,Arjun Rao,Electronics,Smartwatch,53229.93,1,53229.93,Delivered
ORD01622,24-05-2024,Rajesh Kumar,Central,Rohan Mehta,Clothing,Jeans,3042.94,3,9128.82,Delivered
ORD00063,25-05-2024,Shreya Kumar,North,Anjali Gupta,Sports,Cricket Bat,3200.89,2,6401.78,Delivered
ORD01863,25-05-2024,Anita Malhotra,East,Anjali Gupta,Electronics,Headphones,78373.95,1,78373.95,Delivered
ORD00656,25-05-2024,Shreya Kumar,East,Rohan Mehta,Electronics,Headphones,49684.65,1,49684.65,Delivered
ORD00550,25-05-2024,Meera Kumar,North,Sneha Iyer,Clothing,Formal Shirt,1866.52,1,1866.52,Delivered
ORD02490,25-05-2024,Sonal Reddy,North,Aarav Sharma,Electronics,Smartwatch,76032.31,1,76032.31,Delivered
ORD01689,25-05-2024,Shreya Kapoor,East,Aarav Sharma,Electronics,Laptop,65908.1,2,131816.2,Delivered
ORD00541,26-05-2024,Riya Kumar,Central,Neha Reddy,Sports,Cricket Bat,5592.18,3,16776.54,Delivered
ORD02234,26-05-2024,Riya Shah,Central,Arjun Rao,Electronics,Smartwatch,50561.12,5,252805.6,Cancelled
ORD01054,26-05-2024,Sonal Malhotra,Central,Aarav Sharma,Electronics,Smartwatch,61204.19,1,61204.19,Delivered
ORD00492,26-05-2024,Rahul Joshi,East,Karan Verma,Electronics,Headphones,47068.95,2,94137.9,Delivered
ORD00119,27-05-2024,Riya Kapoor,Central,Priya Nair,Electronics,Smartwatch,6011.21,1,6011.21,Delivered
ORD00212,28-05-2024,Manish Nair,North,Sneha Iyer,Electronics,Headphones,15865.78,1,15865.78,Delivered
ORD00687,28-05-2024,Rajesh Malhotra,East,Anjali Gupta,Sports,Yoga Mat,6623.7,1,6623.7,Delivered
ORD02391,28-05-2024,Kavya Joshi,Central,Rohan Mehta,Electronics,Tablet,71479.12,2,142958.24,Delivered
ORD00755,28-05-2024,Rajesh Rao,Central,Sneha Iyer,Electronics,Smartwatch,3236.44,2,6472.88,Delivered
ORD00589,29-05-2024,Ananya Patel,South,Anjali Gupta,Clothing,Formal Shirt,2788.11,1,2788.11,Pending
ORD00427,29-05-2024,Gaurav Nair,West,Sneha Iyer,Clothing,T-Shirt,1924.01,1,1924.01,Cancelled
ORD01421,29-05-2024,Nikhil Kumar,East,Priya Nair,Furniture,Office Chair,20575.27,2,41150.54,Pending
ORD00110,30-05-2024,Rahul Kumar,West,Priya Nair,Clothing,Formal Shirt,1053.17,1,1053.17,Cancelled
ORD02308,31-05-2024,Kavya Joshi,Central,Karan Verma,Furniture,Sofa,20665.25,1,20665.25,Pending
ORD01160,31-05-2024,Suresh Desai,North,Vikram Singh,Electronics,Laptop,64736.99,2,129473.98,Delivered
ORD01872,01-06-2024,Isha Reddy,South,Sneha Iyer,Electronics,Headphones,20240.17,1,20240.17,Delivered
ORD01350,01-06-2024,Suresh Kapoor,South,Karan Verma,Electronics,Smartphone,54708.25,3,164124.75,Cancelled
ORD01922,01-06-2024,Sanjay Nair,East,Anjali Gupta,Electronics,Smartphone,27011.85,2,54023.7,Cancelled
ORD01010,02-06-2024,Tarun Shah,Central,Neha Reddy,Electronics,Laptop,78520.3,1,78520.3,Delivered
ORD01117,02-06-2024,Nikhil Desai,West,Divya Menon,Groceries,Spices Pack,1255.06,1,1255.06,Delivered
ORD00271,02-06-2024,Nikhil Shah,East,Rohan Mehta,Sports,Football,6909.23,1,6909.23,Delivered
ORD00602,02-06-2024,Aditi Kapoor,East,Priya Nair,Furniture,Bookshelf,16169.66,2,32339.32,Delivered
ORD02036,03-06-2024,Aditi Nair,Central,Rohan Mehta,Furniture,Bookshelf,15786.12,1,15786.12,Pending
ORD01888,03-06-2024,Kavya Kapoor,West,Aarav Sharma,Groceries,Rice 5kg,1297.57,2,2595.14,Delivered
ORD01662,04-06-2024,Tarun Nair,Central,Divya Menon,Groceries,Spices Pack,1501.99,2,3003.98,Delivered
ORD01064,04-06-2024,Shreya Malhotra,West,Rohan Mehta,Groceries,Rice 5kg,1002.88,1,1002.88,Delivered
ORD01572,04-06-2024,Anita Shah,South,Aarav Sharma,Sports,Football,7689.84,1,7689.84,Delivered
ORD00173,04-06-2024,Riya Desai,South,Priya Nair,Sports,Football,1884.98,1,1884.98,Delivered
ORD00758,04-06-2024,Sanjay Patel,East,Neha Reddy,Furniture,Study Table,20363.39,2,40726.78,Cancelled
ORD00650,04-06-2024,Aditi Kumar,Central,Rohan Mehta,Electronics,Tablet,47226.71,1,47226.71,Cancelled
ORD00523,04-06-2024,Shreya Nair,West,Karan Verma,Electronics,Headphones,13812.75,1,13812.75,Pending
ORD01676,04-06-2024,Ananya Nair,North,Priya Nair,Sports,Cricket Bat,7116.8,1,7116.8,Delivered
ORD02197,05-06-2024,Sonal Reddy,West,Neha Reddy,Sports,Dumbbells Set,7182.95,1,7182.95,Delivered
ORD02236,06-06-2024,Sanjay Kumar,West,Karan Verma,Electronics,Headphones,27439.68,1,27439.68,Delivered
ORD01335,06-06-2024,Shreya Kapoor,North,Arjun Rao,Clothing,Jacket,1698.84,1,1698.84,Delivered
ORD00871,06-06-2024,Tarun Joshi,West,Karan Verma,Electronics,Headphones,33827.16,1,33827.16,Delivered
ORD00206,06-06-2024,Anita Desai,West,Arjun Rao,Sports,Football,5854.95,1,5854.95,Delivered
ORD01210,06-06-2024,Suresh Nair,East,Divya Menon,Furniture,Study Table,14722.73,3,44168.19,Cancelled
ORD01864,06-06-2024,Kavya Joshi,West,Priya Nair,Groceries,Rice 5kg,585.32,1,585.32,Cancelled
ORD00661,06-06-2024,Gaurav Joshi,South,Anjali Gupta,Sports,Dumbbells Set,2787.02,2,5574.04,Cancelled
ORD00126,07-06-2024,Tarun Nair,Central,Neha Reddy,Furniture,Bookshelf,4333.32,1,4333.32,Delivered
ORD00189,07-06-2024,Manish Reddy,West,Sneha Iyer,Clothing,Formal Shirt,3256.27,1,3256.27,Pending
ORD00014,08-06-2024,Sanjay Joshi,Central,Arjun Rao,Groceries,Atta 10kg,486.93,2,973.86,Pending
ORD01973,08-06-2024,Ananya Malhotra,East,Divya Menon,Sports,Yoga Mat,4883.96,1,4883.96,Cancelled
ORD00933,08-06-2024,Pooja Malhotra,West,Aarav Sharma,Furniture,Sofa,2418.35,1,2418.35,Cancelled
ORD01031,08-06-2024,Rajesh Shah,North,Neha Reddy,Sports,Cricket Bat,1832.93,1,1832.93,Delivered
ORD00498,08-06-2024,Nikhil Malhotra,South,Arjun Rao,Groceries,Cooking Oil 1L,1087.3,1,1087.3,Delivered
ORD01489,08-06-2024,Riya Patel,East,Neha Reddy,Clothing,Formal Shirt,2154.79,1,2154.79,Delivered
ORD00136,08-06-2024,Rajesh Desai,North,Sneha Iyer,Groceries,Rice 5kg,637.16,1,637.16,Delivered
ORD00415,09-06-2024,Isha Desai,Central,Karan Verma,Furniture,Office Chair,12403.77,1,12403.77,Delivered
ORD01216,09-06-2024,Meera Nair,South,Arjun Rao,Electronics,Smartphone,2243.49,1,2243.49,Cancelled
ORD02383,09-06-2024,Aditi Nair,North,Vikram Singh,Furniture,Sofa,4742.37,1,4742.37,Cancelled
ORD01718,10-06-2024,Nikhil Nair,West,Divya Menon,Clothing,T-Shirt,1036.34,1,1036.34,Pending
ORD00026,11-06-2024,Amit Nair,Central,Sneha Iyer,Clothing,T-Shirt,1033.33,1,1033.33,Delivered
ORD00678,11-06-2024,Kavya Joshi,East,Karan Verma,Groceries,Cooking Oil 1L,1367.65,1,1367.65,Cancelled
ORD00152,11-06-2024,Rajesh Malhotra,West,Neha Reddy,Electronics,Laptop,57764.08,1,57764.08,Delivered
ORD02206,12-06-2024,Nikhil Shah,West,Karan Verma,Groceries,Atta 10kg,2121.83,1,2121.83,Delivered
ORD01038,12-06-2024,Suresh Patel,East,Aarav Sharma,Clothing,Formal Shirt,3635.02,3,10905.06,Delivered
ORD01644,12-06-2024,Pooja Kapoor,North,Karan Verma,Electronics,Laptop,18034.59,1,18034.59,Delivered
ORD00305,12-06-2024,Meera Reddy,East,Anjali Gupta,Sports,Yoga Mat,7723.02,2,15446.04,Cancelled
ORD00829,12-06-2024,Tarun Shah,West,Anjali Gupta,Electronics,Smartphone,24404.83,1,24404.83,Pending
ORD00907,12-06-2024,Meera Kumar,South,Sneha Iyer,Groceries,Spices Pack,521.72,1,521.72,Cancelled
ORD01563,13-06-2024,Aditi Nair,East,Sneha Iyer,Furniture,Office Chair,11683.86,1,11683.86,Delivered
ORD02238,13-06-2024,Manish Kumar,West,Rohan Mehta,Electronics,Smartwatch,59804.69,1,59804.69,Delivered
ORD00801,13-06-2024,Sanjay Patel,North,Rohan Mehta,Furniture,Study Table,13128.41,1,13128.41,Delivered
ORD02321,13-06-2024,Tarun Nair,East,Rohan Mehta,Groceries,Atta 10kg,950.77,2,1901.54,Delivered
ORD01193,13-06-2024,Tarun Shah,West,Anjali Gupta,Groceries,Cooking Oil 1L,1280.46,2,2560.92,Delivered
ORD01684,14-06-2024,Rahul Patel,East,Priya Nair,Sports,Dumbbells Set,6926.04,1,6926.04,Delivered
ORD01730,14-06-2024,Rahul Kumar,East,Anjali Gupta,Electronics,Headphones,60479.94,1,60479.94,Delivered
ORD00565,14-06-2024,Ananya Joshi,East,Neha Reddy,Electronics,Headphones,76286.17,1,76286.17,Pending
ORD00328,14-06-2024,Riya Rao,Central,Priya Nair,Groceries,Spices Pack,1654.51,2,3309.02,Delivered
ORD01405,15-06-2024,Meera Nair,North,Karan Verma,Electronics,Laptop,32611.25,1,32611.25,Delivered
ORD00993,15-06-2024,Sonal Nair,South,Vikram Singh,Furniture,Sofa,5535.18,1,5535.18,Delivered
ORD01302,15-06-2024,Rajesh Desai,West,Priya Nair,Electronics,Smartwatch,77058.74,1,77058.74,Cancelled
ORD01550,15-06-2024,Nikhil Rao,Central,Aarav Sharma,Clothing,Formal Shirt,2327.37,3,6982.11,Delivered
ORD01011,15-06-2024,Nikhil Malhotra,South,Vikram Singh,Groceries,Rice 5kg,1567.59,1,1567.59,Delivered
ORD02499,15-06-2024,Manish Rao,East,Anjali Gupta,Groceries,Rice 5kg,850.14,1,850.14,Pending
ORD01605,16-06-2024,Anita Kumar,South,Sneha Iyer,Sports,Cricket Bat,3854.78,1,3854.78,Cancelled
ORD00367,16-06-2024,Ananya Kapoor,Central,Rohan Mehta,Electronics,Laptop,26089.09,1,26089.09,Delivered
ORD02086,17-06-2024,Manish Nair,North,Vikram Singh,Furniture,Sofa,23313.77,2,46627.54,Pending
ORD01081,17-06-2024,Vivek Desai,South,Sneha Iyer,Groceries,Cooking Oil 1L,1443.58,1,1443.58,Delivered
ORD01668,17-06-2024,Suresh Rao,Central,Aarav Sharma,Sports,Dumbbells Set,7142.16,1,7142.16,Delivered
ORD00128,18-06-2024,Rajesh Joshi,East,Vikram Singh,Sports,Yoga Mat,7035.2,1,7035.2,Cancelled
ORD01354,18-06-2024,Tarun Desai,North,Arjun Rao,Clothing,Jacket,840.42,3,2521.26,Delivered
ORD02185,18-06-2024,Meera Kumar,South,Divya Menon,Groceries,Atta 10kg,643.21,3,1929.63,Delivered
ORD01599,18-06-2024,Ananya Nair,East,Rohan Mehta,Clothing,T-Shirt,3739.5,1,3739.5,Delivered
ORD00950,18-06-2024,Gaurav Rao,South,Sneha Iyer,Clothing,Jeans,3860.98,1,3860.98,Cancelled
ORD01041,18-06-2024,Suresh Desai,South,Rohan Mehta,Electronics,Smartwatch,21671.79,3,65015.37,Cancelled
ORD01172,19-06-2024,Manish Reddy,East,Anjali Gupta,Electronics,Smartphone,34848.6,1,34848.6,Cancelled
ORD00332,19-06-2024,Gaurav Kumar,West,Vikram Singh,Sports,Football,4296.55,1,4296.55,Delivered
ORD02259,19-06-2024,Manish Kumar,East,Arjun Rao,Furniture,Bookshelf,21639.22,1,21639.22,Delivered
ORD02244,19-06-2024,Sanjay Kumar,Central,Priya Nair,Electronics,Smartphone,76301.71,1,76301.71,Delivered
ORD01367,20-06-2024,Ananya Desai,West,Priya Nair,Electronics,Laptop,3739.53,1,3739.53,Delivered
ORD00294,20-06-2024,Manish Kumar,South,Arjun Rao,Sports,Yoga Mat,1061.33,2,2122.66,Delivered
ORD01071,20-06-2024,Manish Reddy,South,Rohan Mehta,Electronics,Laptop,15538.63,3,46615.89,Delivered
ORD01242,20-06-2024,Suresh Joshi,East,Neha Reddy,Furniture,Bookshelf,19825.74,2,39651.48,Cancelled
ORD00086,20-06-2024,Riya Rao,North,Aarav Sharma,Electronics,Smartphone,8853.71,1,8853.71,Pending
ORD01612,20-06-2024,Gaurav Reddy,West,Sneha Iyer,Electronics,Smartphone,9969.44,1,9969.44,Delivered
ORD01971,20-06-2024,Nikhil Joshi,East,Karan Verma,Furniture,Bookshelf,7725.32,1,7725.32,Delivered
ORD00029,20-06-2024,Pooja Rao,West,Arjun Rao,Sports,Cricket Bat,2452.61,2,4905.22,Cancelled
ORD00227,20-06-2024,Anita Patel,North,Arjun Rao,Electronics,Laptop,52373.24,1,52373.24,Cancelled
ORD00967,21-06-2024,Suresh Shah,West,Karan Verma,Groceries,Spices Pack,2251.61,5,11258.05,Delivered
ORD02025,21-06-2024,Kavya Kumar,West,Priya Nair,Sports,Yoga Mat,4859.23,1,4859.23,Pending
ORD01098,21-06-2024,Tarun Patel,West,Rohan Mehta,Clothing,T-Shirt,3185.13,1,3185.13,Cancelled
ORD00287,22-06-2024,Vivek Patel,West,Priya Nair,Electronics,Tablet,66707.83,1,66707.83,Delivered
ORD00999,23-06-2024,Vivek Kapoor,North,Sneha Iyer,Electronics,Headphones,10437.21,5,52186.05,Delivered
ORD00365,23-06-2024,Vivek Kumar,West,Sneha Iyer,Furniture,Bookshelf,13162.08,1,13162.08,Delivered
ORD00381,24-06-2024,Anita Joshi,East,Sneha Iyer,Clothing,Jeans,429.95,1,429.95,Cancelled
ORD01673,24-06-2024,Sonal Nair,South,Vikram Singh,Groceries,Spices Pack,1436.68,2,2873.36,Delivered
ORD01989,24-06-2024,Meera Kumar,North,Aarav Sharma,Clothing,Jeans,3826.38,1,3826.38,Pending
ORD01445,24-06-2024,Kavya Shah,West,Rohan Mehta,Furniture,Bookshelf,11441.35,2,22882.7,Delivered
ORD00699,24-06-2024,Manish Kumar,West,Priya Nair,Clothing,T-Shirt,2609.26,1,2609.26,Delivered
ORD01245,25-06-2024,Ananya Malhotra,North,Priya Nair,Furniture,Office Chair,11968.73,2,23937.46,Delivered
ORD01818,25-06-2024,Sonal Kapoor,Central,Sneha Iyer,Groceries,Rice 5kg,2044.96,1,2044.96,Delivered
ORD00176,26-06-2024,Gaurav Patel,Central,Sneha Iyer,Furniture,Study Table,4781.8,1,4781.8,Delivered
ORD00895,26-06-2024,Gaurav Patel,West,Anjali Gupta,Electronics,Smartphone,43074.41,1,43074.41,Delivered
ORD00522,26-06-2024,Suresh Malhotra,West,Priya Nair,Sports,Yoga Mat,1196.88,1,1196.88,Delivered
ORD01015,26-06-2024,Tarun Reddy,Central,Aarav Sharma,Clothing,Jacket,2125.9,1,2125.9,Pending
ORD01042,27-06-2024,Gaurav Rao,South,Divya Menon,Groceries,Atta 10kg,476.23,1,476.23,Delivered
ORD01026,27-06-2024,Riya Joshi,West,Rohan Mehta,Sports,Cricket Bat,990.16,3,2970.48,Pending
ORD01100,28-06-2024,Anita Patel,North,Arjun Rao,Sports,Cricket Bat,617.45,1,617.45,Pending
ORD02410,28-06-2024,Kavya Reddy,East,Divya Menon,Clothing,Formal Shirt,1949.03,2,3898.06,Pending
ORD01870,28-06-2024,Rahul Patel,Central,Priya Nair,Electronics,Tablet,17341.54,2,34683.08,Delivered
ORD01156,28-06-2024,Nikhil Malhotra,East,Neha Reddy,Clothing,Formal Shirt,2654.48,1,2654.48,Cancelled
ORD00447,28-06-2024,Suresh Malhotra,North,Arjun Rao,Groceries,Atta 10kg,396.16,1,396.16,Pending
ORD00487,28-06-2024,Meera Kapoor,West,Rohan Mehta,Groceries,Rice 5kg,1846.07,1,1846.07,Cancelled
ORD01149,29-06-2024,Shreya Joshi,North,Anjali Gupta,Groceries,Atta 10kg,664.98,2,1329.96,Delivered
ORD01438,29-06-2024,Sonal Patel,North,Anjali Gupta,Furniture,Office Chair,20820.27,1,20820.27,Delivered
ORD01439,29-06-2024,Meera Shah,South,Sneha Iyer,Clothing,Jeans,2017.66,2,4035.32,Delivered
ORD00496,30-06-2024,Nikhil Kapoor,West,Anjali Gupta,Groceries,Spices Pack,112.97,1,112.97,Delivered
ORD00239,01-07-2024,Meera Kumar,East,Arjun Rao,Clothing,T-Shirt,718.96,1,718.96,Delivered
ORD00559,01-07-2024,Sanjay Shah,West,Divya Menon,Electronics,Smartphone,77286.35,1,77286.35,Delivered
ORD00226,01-07-2024,Suresh Joshi,South,Anjali Gupta,Electronics,Headphones,44907.17,1,44907.17,Cancelled
ORD01498,02-07-2024,Riya Malhotra,North,Arjun Rao,Clothing,Jacket,2076.23,1,2076.23,Delivered
ORD02191,02-07-2024,Rajesh Malhotra,South,Sneha Iyer,Groceries,Atta 10kg,2481.16,1,2481.16,Pending
ORD00317,02-07-2024,Kavya Desai,East,Anjali Gupta,Electronics,Smartwatch,69345.26,1,69345.26,Delivered
ORD01506,03-07-2024,Nikhil Kapoor,South,Karan Verma,Furniture,Study Table,1768.67,1,1768.67,Delivered
ORD01044,03-07-2024,Tarun Kumar,West,Priya Nair,Electronics,Smartwatch,12627.54,2,25255.08,Delivered
ORD00441,03-07-2024,Pooja Joshi,East,Aarav Sharma,Clothing,Formal Shirt,3271.84,1,3271.84,Delivered
ORD00529,04-07-2024,Manish Kumar,East,Priya Nair,Furniture,Sofa,6126.86,1,6126.86,Delivered
ORD00346,05-07-2024,Nikhil Joshi,North,Karan Verma,Sports,Football,6241.53,1,6241.53,Cancelled
ORD01819,05-07-2024,Gaurav Desai,West,Vikram Singh,Groceries,Atta 10kg,638.01,1,638.01,Delivered
ORD01724,05-07-2024,Anita Desai,Central,Priya Nair,Electronics,Headphones,27315.05,2,54630.1,Delivered
ORD02281,05-07-2024,Isha Nair,East,Karan Verma,Electronics,Smartwatch,31709.2,1,31709.2,Delivered
ORD01993,05-07-2024,Kavya Malhotra,West,Anjali Gupta,Furniture,Study Table,18712.92,1,18712.92,Cancelled
ORD00118,05-07-2024,Aditi Kapoor,Central,Neha Reddy,Electronics,Headphones,76045.93,1,76045.93,Delivered
ORD02276,06-07-2024,Kavya Shah,Central,Divya Menon,Clothing,Jacket,2796.51,1,2796.51,Delivered
ORD01458,06-07-2024,Sonal Kapoor,South,Neha Reddy,Groceries,Spices Pack,2249.73,1,2249.73,Cancelled
ORD00684,06-07-2024,Anita Reddy,Central,Aarav Sharma,Clothing,Jacket,2707.91,1,2707.91,Delivered
ORD00314,06-07-2024,Rajesh Joshi,North,Priya Nair,Clothing,Jacket,3583.93,2,7167.86,Pending
ORD02176,07-07-2024,Anita Kumar,East,Aarav Sharma,Sports,Dumbbells Set,6860.8,1,6860.8,Delivered
ORD01290,08-07-2024,Amit Patel,West,Anjali Gupta,Electronics,Tablet,69669.47,1,69669.47,Delivered
ORD02215,08-07-2024,Nikhil Rao,West,Sneha Iyer,Sports,Yoga Mat,6839.29,1,6839.29,Delivered
ORD00828,09-07-2024,Riya Kapoor,Central,Priya Nair,Groceries,Rice 5kg,773.09,1,773.09,Pending
ORD00595,09-07-2024,Rajesh Patel,North,Aarav Sharma,Clothing,Jacket,2714.06,1,2714.06,Delivered
ORD01236,09-07-2024,Rahul Rao,South,Sneha Iyer,Groceries,Rice 5kg,826.22,1,826.22,Cancelled
ORD01588,09-07-2024,Rajesh Desai,North,Anjali Gupta,Clothing,T-Shirt,3580.19,3,10740.57,Cancelled
ORD00778,10-07-2024,Amit Malhotra,South,Divya Menon,Electronics,Smartwatch,2788.93,1,2788.93,Delivered
ORD00610,10-07-2024,Amit Nair,Central,Rohan Mehta,Electronics,Smartphone,27571.74,2,55143.48,Delivered
ORD01266,11-07-2024,Rahul Shah,South,Neha Reddy,Electronics,Smartwatch,70052.31,2,140104.62,Delivered
ORD01666,11-07-2024,Ananya Reddy,Central,Divya Menon,Groceries,Cooking Oil 1L,1740.2,1,1740.2,Delivered
ORD00352,11-07-2024,Sonal Rao,West,Karan Verma,Electronics,Smartphone,55004.89,1,55004.89,Delivered
ORD01325,12-07-2024,Sonal Shah,Central,Anjali Gupta,Clothing,Jacket,3127.04,1,3127.04,Cancelled
ORD01180,12-07-2024,Pooja Nair,Central,Karan Verma,Clothing,Formal Shirt,3398.74,5,16993.7,Delivered
ORD02133,12-07-2024,Tarun Malhotra,North,Rohan Mehta,Furniture,Office Chair,6627.11,2,13254.22,Delivered
ORD01982,12-07-2024,Amit Kumar,Central,Karan Verma,Electronics,Smartphone,64512.57,1,64512.57,Pending
ORD00500,12-07-2024,Rajesh Desai,Central,Divya Menon,Electronics,Smartwatch,48177.31,1,48177.31,Delivered
ORD01894,12-07-2024,Kavya Patel,North,Anjali Gupta,Electronics,Smartphone,40440.36,1,40440.36,Delivered
ORD01186,13-07-2024,Manish Joshi,East,Neha Reddy,Furniture,Study Table,19528.71,1,19528.71,Delivered
ORD02229,13-07-2024,Pooja Patel,Central,Vikram Singh,Furniture,Bookshelf,11418.61,2,22837.22,Delivered
ORD00247,14-07-2024,Sonal Joshi,South,Neha Reddy,Furniture,Sofa,9662.57,2,19325.14,Cancelled
ORD02390,15-07-2024,Gaurav Kumar,South,Arjun Rao,Electronics,Smartwatch,53168.6,2,106337.2,Delivered
ORD02404,15-07-2024,Kavya Nair,Central,Priya Nair,Electronics,Laptop,38933.67,5,194668.35,Delivered
ORD00774,15-07-2024,Nikhil Malhotra,North,Neha Reddy,Electronics,Headphones,41741.69,1,41741.69,Delivered
ORD01833,15-07-2024,Sanjay Rao,North,Sneha Iyer,Furniture,Study Table,11340.73,1,11340.73,Cancelled
ORD01482,15-07-2024,Vivek Kumar,Central,Priya Nair,Electronics,Smartphone,72196.21,1,72196.21,Pending
ORD00240,16-07-2024,Riya Kapoor,West,Vikram Singh,Groceries,Spices Pack,527.81,1,527.81,Cancelled
ORD01970,16-07-2024,Gaurav Patel,East,Priya Nair,Electronics,Smartwatch,6927.08,1,6927.08,Delivered
ORD00324,16-07-2024,Nikhil Nair,South,Aarav Sharma,Furniture,Bookshelf,17365.79,1,17365.79,Cancelled
ORD02413,16-07-2024,Kavya Kumar,North,Aarav Sharma,Groceries,Spices Pack,633.66,1,633.66,Pending
ORD02062,16-07-2024,Riya Kumar,West,Arjun Rao,Clothing,T-Shirt,3394.88,2,6789.76,Delivered
ORD02441,17-07-2024,Isha Rao,West,Rohan Mehta,Electronics,Smartphone,32852.03,1,32852.03,Delivered
ORD00771,17-07-2024,Rajesh Rao,West,Vikram Singh,Clothing,Jeans,3525.15,2,7050.3,Delivered
ORD02407,18-07-2024,Pooja Kapoor,West,Neha Reddy,Groceries,Cooking Oil 1L,782.96,2,1565.92,Cancelled
ORD00605,18-07-2024,Rajesh Nair,North,Divya Menon,Clothing,Formal Shirt,2629.14,1,2629.14,Delivered
ORD01856,18-07-2024,Kavya Reddy,East,Divya Menon,Clothing,T-Shirt,3945.52,2,7891.04,Cancelled
ORD01998,19-07-2024,Manish Kapoor,West,Aarav Sharma,Electronics,Smartphone,17271.14,2,34542.28,Delivered
ORD01814,19-07-2024,Gaurav Patel,East,Aarav Sharma,Electronics,Smartphone,58983.69,3,176951.07,Cancelled
ORD00061,19-07-2024,Sanjay Patel,Central,Rohan Mehta,Furniture,Bookshelf,15665.37,1,15665.37,Delivered
ORD01200,19-07-2024,Isha Nair,North,Divya Menon,Electronics,Smartwatch,38378.7,1,38378.7,Delivered
ORD01904,19-07-2024,Kavya Reddy,West,Karan Verma,Groceries,Atta 10kg,732.43,2,1464.86,Pending
ORD00277,19-07-2024,Meera Nair,North,Neha Reddy,Sports,Dumbbells Set,6987.85,1,6987.85,Delivered
ORD00839,19-07-2024,Rajesh Joshi,Central,Anjali Gupta,Furniture,Sofa,11282.7,1,11282.7,Delivered
ORD01754,20-07-2024,Sonal Joshi,South,Neha Reddy,Sports,Yoga Mat,2044.46,1,2044.46,Delivered
ORD02157,20-07-2024,Riya Desai,East,Priya Nair,Clothing,T-Shirt,3031.73,1,3031.73,Pending
ORD00361,20-07-2024,Shreya Joshi,East,Divya Menon,Electronics,Smartphone,62889.27,1,62889.27,Delivered
ORD01855,21-07-2024,Nikhil Shah,West,Priya Nair,Groceries,Cooking Oil 1L,949.29,1,949.29,Delivered
ORD01292,21-07-2024,Riya Reddy,East,Karan Verma,Electronics,Laptop,61847.71,2,123695.42,Delivered
ORD00274,21-07-2024,Amit Patel,West,Sneha Iyer,Electronics,Laptop,25393.69,2,50787.38,Delivered
ORD01839,22-07-2024,Manish Nair,Central,Sneha Iyer,Clothing,Jeans,1303.88,1,1303.88,Pending
ORD00783,22-07-2024,Vivek Joshi,South,Aarav Sharma,Electronics,Headphones,27703.37,1,27703.37,Delivered
ORD01460,22-07-2024,Tarun Desai,South,Priya Nair,Sports,Yoga Mat,1864.29,2,3728.58,Delivered
ORD00793,22-07-2024,Gaurav Rao,East,Anjali Gupta,Electronics,Headphones,51130.05,1,51130.05,Delivered
ORD01956,23-07-2024,Isha Patel,East,Aarav Sharma,Clothing,Jacket,1023.1,1,1023.1,Delivered
ORD00071,23-07-2024,Gaurav Reddy,North,Vikram Singh,Electronics,Headphones,20731.36,1,20731.36,Delivered
ORD00360,24-07-2024,Amit Kumar,Central,Anjali Gupta,Electronics,Headphones,79964.43,1,79964.43,Delivered
ORD01359,25-07-2024,Isha Patel,Central,Neha Reddy,Furniture,Office Chair,10450.8,1,10450.8,Delivered
ORD02366,25-07-2024,Meera Nair,South,Vikram Singh,Sports,Football,5937.32,2,11874.64,Delivered
ORD02174,25-07-2024,Manish Shah,West,Sneha Iyer,Sports,Yoga Mat,6960.26,1,6960.26,Cancelled
ORD01570,25-07-2024,Tarun Malhotra,North,Sneha Iyer,Furniture,Study Table,13548.07,1,13548.07,Delivered
ORD02207,25-07-2024,Isha Malhotra,North,Aarav Sharma,Electronics,Headphones,44049.03,1,44049.03,Delivered
ORD00269,25-07-2024,Rajesh Reddy,East,Priya Nair,Electronics,Laptop,70189.68,1,70189.68,Pending
ORD01535,26-07-2024,Suresh Nair,Central,Sneha Iyer,Furniture,Bookshelf,15134.14,1,15134.14,Delivered
ORD00784,26-07-2024,Manish Kapoor,Central,Arjun Rao,Sports,Dumbbells Set,481.66,1,481.66,Delivered
ORD00199,27-07-2024,Manish Desai,West,Divya Menon,Sports,Yoga Mat,3882.08,1,3882.08,Cancelled
ORD01732,27-07-2024,Amit Patel,North,Aarav Sharma,Electronics,Tablet,23839.03,1,23839.03,Delivered
ORD00322,27-07-2024,Sonal Malhotra,West,Arjun Rao,Electronics,Smartphone,38423.5,1,38423.5,Delivered
ORD01524,27-07-2024,Vivek Joshi,West,Karan Verma,Groceries,Rice 5kg,114.61,1,114.61,Delivered
ORD02061,27-07-2024,Isha Shah,North,Aarav Sharma,Clothing,T-Shirt,2745.25,1,2745.25,Delivered
ORD00940,28-07-2024,Amit Shah,Central,Aarav Sharma,Groceries,Cooking Oil 1L,2342.25,1,2342.25,Delivered
ORD00290,28-07-2024,Rahul Reddy,West,Anjali Gupta,Electronics,Laptop,49780.73,2,99561.46,Delivered
ORD00097,28-07-2024,Gaurav Joshi,West,Sneha Iyer,Groceries,Atta 10kg,1842.63,1,1842.63,Cancelled
ORD02146,28-07-2024,Sonal Shah,North,Priya Nair,Electronics,Smartwatch,6242.18,1,6242.18,Pending
ORD00625,28-07-2024,Rahul Desai,North,Neha Reddy,Groceries,Atta 10kg,583.51,1,583.51,Delivered
ORD00234,29-07-2024,Isha Kapoor,South,Neha Reddy,Sports,Dumbbells Set,3267.39,1,3267.39,Cancelled
ORD00409,29-07-2024,Shreya Nair,West,Anjali Gupta,Groceries,Rice 5kg,1027.89,1,1027.89,Delivered
ORD01512,29-07-2024,Riya Malhotra,East,Karan Verma,Sports,Yoga Mat,3895.9,2,7791.8,Delivered
ORD00263,29-07-2024,Rahul Reddy,West,Arjun Rao,Clothing,T-Shirt,2096.2,2,4192.4,Delivered
ORD01577,30-07-2024,Anita Malhotra,South,Arjun Rao,Clothing,Jacket,1489.83,1,1489.83,Delivered
ORD01702,30-07-2024,Rahul Kumar,North,Sneha Iyer,Clothing,Jeans,1310.66,1,1310.66,Delivered
ORD01638,30-07-2024,Gaurav Nair,South,Neha Reddy,Furniture,Office Chair,16823.94,2,33647.88,Cancelled
ORD02500,30-07-2024,Ananya Desai,West,Sneha Iyer,Electronics,Smartwatch,36019.47,1,36019.47,Delivered
ORD00383,30-07-2024,Rajesh Desai,West,Aarav Sharma,Electronics,Laptop,65832.83,1,65832.83,Delivered
ORD00292,31-07-2024,Sonal Patel,North,Anjali Gupta,Clothing,Jacket,1635.4,2,3270.8,Delivered
ORD01273,31-07-2024,Amit Joshi,Central,Priya Nair,Sports,Dumbbells Set,2194.14,1,2194.14,Delivered
ORD01384,31-07-2024,Shreya Nair,North,Arjun Rao,Groceries,Rice 5kg,1853.7,1,1853.7,Delivered
ORD00824,01-08-2024,Sonal Malhotra,West,Priya Nair,Furniture,Office Chair,14417.59,2,28835.18,Delivered
ORD00757,01-08-2024,Shreya Nair,South,Vikram Singh,Electronics,Smartwatch,15323.47,1,15323.47,Pending
ORD01378,01-08-2024,Meera Reddy,North,Rohan Mehta,Groceries,Atta 10kg,146.36,1,146.36,Delivered
ORD01703,02-08-2024,Pooja Rao,West,Priya Nair,Furniture,Study Table,24133.19,1,24133.19,Cancelled
ORD01547,03-08-2024,Rajesh Kumar,West,Neha Reddy,Furniture,Office Chair,14844.21,3,44532.63,Cancelled
ORD00809,03-08-2024,Sanjay Kumar,Central,Karan Verma,Clothing,Jacket,3530.35,2,7060.7,Pending
ORD00308,03-08-2024,Ananya Desai,South,Aarav Sharma,Furniture,Sofa,13514.97,1,13514.97,Pending
ORD01424,04-08-2024,Amit Kumar,South,Vikram Singh,Furniture,Study Table,19965.88,1,19965.88,Delivered
ORD01358,05-08-2024,Meera Shah,North,Vikram Singh,Furniture,Sofa,13981.07,1,13981.07,Cancelled
ORD00776,05-08-2024,Isha Joshi,West,Neha Reddy,Electronics,Laptop,16814.91,1,16814.91,Pending
ORD00196,05-08-2024,Manish Shah,Central,Aarav Sharma,Furniture,Bookshelf,7942.78,1,7942.78,Delivered
ORD01507,05-08-2024,Gaurav Reddy,Central,Neha Reddy,Clothing,Jacket,2557.03,1,2557.03,Delivered
ORD02022,05-08-2024,Gaurav Patel,South,Divya Menon,Furniture,Study Table,2424.01,1,2424.01,Pending
ORD01144,05-08-2024,Amit Kapoor,North,Anjali Gupta,Electronics,Laptop,25056.98,2,50113.96,Delivered
ORD01143,05-08-2024,Gaurav Shah,Central,Anjali Gupta,Electronics,Headphones,60687.39,2,121374.78,Delivered
ORD00134,05-08-2024,Anita Nair,Central,Anjali Gupta,Electronics,Smartphone,62807.59,1,62807.59,Delivered
ORD01618,05-08-2024,Riya Malhotra,Central,Sneha Iyer,Electronics,Headphones,50990.51,2,101981.02,Delivered
ORD02472,06-08-2024,Rahul Patel,East,Aarav Sharma,Electronics,Smartphone,73111.39,2,146222.78,Delivered
ORD02444,06-08-2024,Shreya Reddy,East,Anjali Gupta,Electronics,Laptop,11346.93,1,11346.93,Delivered
ORD02449,06-08-2024,Tarun Kumar,West,Sneha Iyer,Furniture,Bookshelf,1973.79,1,1973.79,Delivered
ORD02232,06-08-2024,Isha Nair,Central,Aarav Sharma,Electronics,Laptop,79091.73,1,79091.73,Cancelled
ORD01228,07-08-2024,Tarun Kumar,Central,Aarav Sharma,Electronics,Tablet,24738.32,1,24738.32,Delivered
ORD00259,07-08-2024,Sanjay Reddy,Central,Sneha Iyer,Electronics,Tablet,59145.55,2,118291.1,Delivered
ORD00980,08-08-2024,Rahul Malhotra,West,Priya Nair,Sports,Dumbbells Set,4677.24,1,4677.24,Pending
ORD01167,08-08-2024,Nikhil Rao,Central,Vikram Singh,Electronics,Smartwatch,38586.71,1,38586.71,Delivered
ORD00768,08-08-2024,Rahul Nair,North,Divya Menon,Sports,Football,7448.47,1,7448.47,Cancelled
ORD00990,08-08-2024,Suresh Kapoor,South,Aarav Sharma,Sports,Yoga Mat,2765.43,2,5530.86,Delivered
ORD01304,08-08-2024,Riya Shah,South,Anjali Gupta,Groceries,Rice 5kg,2368.28,1,2368.28,Delivered
ORD01756,09-08-2024,Tarun Nair,South,Priya Nair,Sports,Dumbbells Set,6812.57,1,6812.57,Delivered
ORD01726,09-08-2024,Aditi Desai,West,Aarav Sharma,Clothing,Formal Shirt,2037.77,2,4075.54,Delivered
ORD01294,10-08-2024,Riya Joshi,Central,Arjun Rao,Sports,Dumbbells Set,368.01,1,368.01,Delivered
ORD00852,11-08-2024,Shreya Kumar,East,Karan Verma,Sports,Dumbbells Set,354.64,2,709.28,Delivered
ORD01946,11-08-2024,Tarun Rao,East,Anjali Gupta,Furniture,Study Table,22024.08,1,22024.08,Delivered
ORD00531,11-08-2024,Pooja Kapoor,Central,Vikram Singh,Electronics,Laptop,46585.4,1,46585.4,Cancelled
ORD01076,11-08-2024,Ananya Rao,South,Aarav Sharma,Furniture,Bookshelf,10983.39,1,10983.39,Pending
ORD00232,11-08-2024,Riya Malhotra,East,Priya Nair,Sports,Football,1871.07,1,1871.07,Delivered
ORD01862,11-08-2024,Shreya Patel,South,Arjun Rao,Electronics,Tablet,23929.94,1,23929.94,Cancelled
ORD01820,12-08-2024,Ananya Patel,East,Arjun Rao,Clothing,T-Shirt,1535.97,1,1535.97,Cancelled
ORD00112,13-08-2024,Rajesh Nair,North,Divya Menon,Sports,Yoga Mat,7603.09,2,15206.18,Delivered
ORD02035,13-08-2024,Sonal Joshi,North,Karan Verma,Clothing,Formal Shirt,1970.35,2,3940.7,Cancelled
ORD01408,13-08-2024,Vivek Desai,South,Karan Verma,Furniture,Study Table,14979.24,3,44937.72,Delivered
ORD01891,13-08-2024,Isha Reddy,North,Aarav Sharma,Electronics,Smartwatch,7376.75,2,14753.5,Cancelled
ORD00327,14-08-2024,Rahul Malhotra,Central,Sneha Iyer,Furniture,Bookshelf,21685.48,1,21685.48,Delivered
ORD00268,14-08-2024,Kavya Malhotra,West,Aarav Sharma,Clothing,T-Shirt,2751.39,3,8254.17,Delivered
ORD00058,14-08-2024,Isha Nair,North,Karan Verma,Clothing,T-Shirt,2283.15,1,2283.15,Delivered
ORD01845,14-08-2024,Rahul Kumar,North,Vikram Singh,Electronics,Tablet,16713.26,1,16713.26,Delivered
ORD01941,15-08-2024,Anita Kumar,Central,Rohan Mehta,Clothing,Jeans,2193.33,1,2193.33,Cancelled
ORD00623,16-08-2024,Amit Desai,South,Neha Reddy,Electronics,Headphones,69142.32,1,69142.32,Delivered
ORD01685,17-08-2024,Ananya Kapoor,West,Aarav Sharma,Electronics,Smartphone,13377.01,3,40131.03,Cancelled
ORD01546,17-08-2024,Nikhil Malhotra,West,Karan Verma,Electronics,Smartphone,4250.92,1,4250.92,Cancelled
ORD01159,17-08-2024,Meera Kapoor,North,Priya Nair,Groceries,Rice 5kg,2449.25,2,4898.5,Delivered
ORD00417,17-08-2024,Tarun Kapoor,East,Sneha Iyer,Electronics,Headphones,65391.66,2,130783.32,Delivered
ORD00729,19-08-2024,Isha Reddy,North,Karan Verma,Electronics,Headphones,52708.83,2,105417.66,Delivered
ORD01868,19-08-2024,Meera Shah,Central,Karan Verma,Electronics,Smartphone,77016.14,3,231048.42,Delivered
ORD00219,19-08-2024,Meera Shah,North,Aarav Sharma,Groceries,Atta 10kg,1289.09,1,1289.09,Cancelled
ORD00622,19-08-2024,Rahul Patel,North,Karan Verma,Clothing,T-Shirt,2988.67,1,2988.67,Delivered
ORD01771,19-08-2024,Sanjay Nair,Central,Aarav Sharma,Sports,Yoga Mat,7665.04,2,15330.08,Delivered
ORD01501,19-08-2024,Gaurav Reddy,Central,Aarav Sharma,Clothing,Jacket,3202.79,2,6405.58,Pending
ORD02456,20-08-2024,Riya Shah,South,Arjun Rao,Electronics,Laptop,20207.75,1,20207.75,Delivered
ORD00318,20-08-2024,Shreya Nair,North,Arjun Rao,Electronics,Tablet,49072.46,1,49072.46,Pending
ORD00145,20-08-2024,Manish Joshi,Central,Anjali Gupta,Sports,Yoga Mat,3319.56,1,3319.56,Delivered
ORD00775,20-08-2024,Manish Nair,North,Anjali Gupta,Furniture,Bookshelf,21979.98,1,21979.98,Cancelled
ORD01977,20-08-2024,Meera Kapoor,East,Aarav Sharma,Furniture,Office Chair,6368.76,1,6368.76,Pending
ORD00024,20-08-2024,Suresh Kumar,North,Neha Reddy,Furniture,Bookshelf,21396.54,2,42793.08,Delivered
ORD01921,21-08-2024,Pooja Rao,North,Arjun Rao,Groceries,Atta 10kg,1066.88,1,1066.88,Delivered
ORD02163,21-08-2024,Suresh Kapoor,North,Vikram Singh,Sports,Cricket Bat,7920.87,1,7920.87,Cancelled
ORD00429,21-08-2024,Kavya Desai,Central,Sneha Iyer,Clothing,Jacket,3904.18,1,3904.18,Delivered
ORD02495,21-08-2024,Amit Desai,Central,Sneha Iyer,Sports,Yoga Mat,6664.05,1,6664.05,Delivered
ORD01370,21-08-2024,Anita Shah,Central,Arjun Rao,Groceries,Rice 5kg,1540.52,3,4621.56,Delivered
ORD01798,21-08-2024,Anita Patel,South,Divya Menon,Sports,Dumbbells Set,5124.41,1,5124.41,Delivered
ORD00958,22-08-2024,Isha Shah,South,Anjali Gupta,Groceries,Spices Pack,2387.77,1,2387.77,Delivered
ORD00325,22-08-2024,Riya Desai,West,Arjun Rao,Clothing,T-Shirt,1402.38,1,1402.38,Delivered
ORD00052,22-08-2024,Sanjay Nair,West,Aarav Sharma,Clothing,Jacket,914.77,2,1829.54,Pending
ORD00777,22-08-2024,Aditi Kapoor,East,Neha Reddy,Clothing,Formal Shirt,663.11,1,663.11,Cancelled
ORD01001,22-08-2024,Nikhil Reddy,North,Divya Menon,Electronics,Tablet,28554.4,5,142772,Delivered
ORD01338,23-08-2024,Tarun Joshi,South,Priya Nair,Electronics,Smartwatch,49519.37,1,49519.37,Delivered
ORD01433,23-08-2024,Riya Nair,South,Sneha Iyer,Clothing,T-Shirt,2454.68,2,4909.36,Cancelled
ORD01093,23-08-2024,Ananya Reddy,Central,Vikram Singh,Groceries,Spices Pack,374.91,1,374.91,Cancelled
ORD01119,23-08-2024,Anita Desai,East,Divya Menon,Groceries,Spices Pack,1290.58,1,1290.58,Delivered
ORD02180,24-08-2024,Sanjay Joshi,East,Neha Reddy,Clothing,Formal Shirt,3429.22,1,3429.22,Pending
ORD02111,24-08-2024,Aditi Joshi,Central,Karan Verma,Furniture,Sofa,24002.25,1,24002.25,Delivered
ORD01693,24-08-2024,Anita Rao,Central,Karan Verma,Sports,Dumbbells Set,1651.44,1,1651.44,Delivered
ORD00936,24-08-2024,Pooja Reddy,North,Priya Nair,Electronics,Headphones,3862.97,1,3862.97,Delivered
ORD02315,24-08-2024,Vivek Joshi,North,Neha Reddy,Electronics,Smartwatch,33467.59,3,100402.77,Delivered
ORD00446,25-08-2024,Ananya Joshi,North,Neha Reddy,Clothing,T-Shirt,2827.84,2,5655.68,Delivered
ORD01607,25-08-2024,Amit Nair,West,Divya Menon,Furniture,Bookshelf,18624.7,1,18624.7,Delivered
ORD01919,25-08-2024,Meera Kumar,North,Neha Reddy,Electronics,Tablet,77689.94,2,155379.88,Delivered
ORD00428,26-08-2024,Ananya Joshi,North,Rohan Mehta,Clothing,Jacket,3054.73,1,3054.73,Cancelled
ORD02283,26-08-2024,Sonal Patel,North,Rohan Mehta,Groceries,Spices Pack,2101.62,1,2101.62,Cancelled
ORD01759,26-08-2024,Amit Rao,East,Rohan Mehta,Clothing,Formal Shirt,864.75,1,864.75,Delivered
ORD01830,26-08-2024,Gaurav Reddy,Central,Divya Menon,Groceries,Atta 10kg,1384.26,1,1384.26,Cancelled
ORD01940,27-08-2024,Manish Desai,Central,Sneha Iyer,Electronics,Smartphone,52712.19,2,105424.38,Pending
ORD01720,27-08-2024,Pooja Kumar,South,Priya Nair,Furniture,Office Chair,8287.49,1,8287.49,Delivered
ORD01877,27-08-2024,Anita Kapoor,North,Rohan Mehta,Sports,Dumbbells Set,2880.91,1,2880.91,Delivered
ORD01260,27-08-2024,Amit Desai,North,Aarav Sharma,Furniture,Sofa,12212.86,2,24425.72,Pending
ORD02084,28-08-2024,Anita Nair,West,Priya Nair,Furniture,Bookshelf,16803.89,3,50411.67,Delivered
ORD01602,28-08-2024,Nikhil Shah,South,Priya Nair,Electronics,Smartwatch,9843.44,1,9843.44,Pending
ORD00981,28-08-2024,Nikhil Desai,South,Anjali Gupta,Groceries,Atta 10kg,1353.1,1,1353.1,Delivered
ORD01275,28-08-2024,Amit Malhotra,East,Priya Nair,Sports,Yoga Mat,6597.03,1,6597.03,Delivered
ORD01494,28-08-2024,Sonal Rao,Central,Divya Menon,Sports,Dumbbells Set,3762.53,2,7525.06,Delivered
ORD00158,29-08-2024,Kavya Patel,North,Sneha Iyer,Furniture,Study Table,14054.69,2,28109.38,Pending
ORD00340,29-08-2024,Aditi Patel,East,Neha Reddy,Clothing,Jeans,428.23,1,428.23,Pending
ORD02051,29-08-2024,Sanjay Malhotra,Central,Anjali Gupta,Electronics,Smartphone,61477,2,122954,Delivered
ORD01770,29-08-2024,Pooja Shah,South,Anjali Gupta,Furniture,Bookshelf,9080.14,1,9080.14,Delivered
ORD00146,29-08-2024,Aditi Reddy,South,Anjali Gupta,Sports,Dumbbells Set,5752.93,1,5752.93,Delivered
ORD01526,29-08-2024,Kavya Reddy,East,Anjali Gupta,Sports,Cricket Bat,1626.08,2,3252.16,Delivered
ORD02055,30-08-2024,Gaurav Shah,Central,Priya Nair,Electronics,Smartphone,40169.54,1,40169.54,Delivered
ORD02068,30-08-2024,Pooja Patel,North,Anjali Gupta,Electronics,Headphones,29159.52,1,29159.52,Delivered
ORD01016,30-08-2024,Meera Kapoor,East,Priya Nair,Furniture,Sofa,20150.36,1,20150.36,Delivered
ORD00082,30-08-2024,Sonal Joshi,South,Sneha Iyer,Electronics,Tablet,78625.53,1,78625.53,Pending
ORD02258,31-08-2024,Suresh Shah,North,Rohan Mehta,Clothing,Jeans,1748.49,1,1748.49,Cancelled
ORD01617,31-08-2024,Suresh Reddy,Central,Aarav Sharma,Sports,Cricket Bat,2958.07,1,2958.07,Delivered
ORD01491,31-08-2024,Meera Shah,North,Divya Menon,Groceries,Cooking Oil 1L,350.43,1,350.43,Delivered
ORD01318,31-08-2024,Shreya Rao,Central,Rohan Mehta,Clothing,T-Shirt,3108.9,1,3108.9,Cancelled
ORD01613,01-09-2024,Meera Patel,West,Divya Menon,Clothing,Jacket,1824.41,1,1824.41,Pending
ORD00992,01-09-2024,Manish Shah,North,Anjali Gupta,Clothing,Jeans,1498.77,3,4496.31,Delivered
ORD00345,01-09-2024,Sonal Nair,West,Aarav Sharma,Sports,Football,6131.29,1,6131.29,Delivered
ORD00811,02-09-2024,Sonal Kapoor,West,Anjali Gupta,Clothing,T-Shirt,3346.1,1,3346.1,Delivered
ORD01465,02-09-2024,Pooja Nair,West,Karan Verma,Clothing,Formal Shirt,2937.89,1,2937.89,Delivered
ORD00853,02-09-2024,Rajesh Kumar,West,Vikram Singh,Furniture,Sofa,23427.32,2,46854.64,Cancelled
ORD01632,03-09-2024,Manish Kapoor,North,Arjun Rao,Furniture,Study Table,14810.18,1,14810.18,Delivered
ORD00454,03-09-2024,Nikhil Patel,East,Aarav Sharma,Furniture,Sofa,8829.17,1,8829.17,Delivered
ORD01262,03-09-2024,Isha Reddy,East,Neha Reddy,Sports,Dumbbells Set,1488.59,1,1488.59,Delivered
ORD01699,03-09-2024,Amit Kumar,West,Anjali Gupta,Furniture,Office Chair,20270.61,1,20270.61,Pending
ORD00039,03-09-2024,Anita Kumar,North,Karan Verma,Electronics,Smartphone,29765.87,2,59531.74,Pending
ORD02471,03-09-2024,Ananya Reddy,East,Karan Verma,Electronics,Laptop,71643.96,1,71643.96,Cancelled
ORD02231,04-09-2024,Aditi Patel,East,Anjali Gupta,Groceries,Spices Pack,2296.67,1,2296.67,Delivered
ORD02476,04-09-2024,Sanjay Shah,East,Rohan Mehta,Electronics,Laptop,78826.37,2,157652.74,Delivered
ORD01554,05-09-2024,Ananya Shah,West,Neha Reddy,Clothing,Formal Shirt,2614.26,1,2614.26,Delivered
ORD00539,05-09-2024,Suresh Reddy,Central,Karan Verma,Electronics,Headphones,77488.61,1,77488.61,Delivered
ORD01898,05-09-2024,Vivek Rao,West,Neha Reddy,Electronics,Smartphone,2559.61,1,2559.61,Delivered
ORD01643,06-09-2024,Aditi Desai,West,Rohan Mehta,Groceries,Cooking Oil 1L,1657.71,2,3315.42,Delivered
ORD01096,06-09-2024,Shreya Joshi,East,Vikram Singh,Sports,Cricket Bat,5393.74,1,5393.74,Cancelled
ORD01590,07-09-2024,Anita Joshi,South,Arjun Rao,Sports,Cricket Bat,890.38,1,890.38,Delivered
ORD01253,07-09-2024,Anita Shah,Central,Neha Reddy,Groceries,Rice 5kg,728.21,1,728.21,Pending
ORD00388,08-09-2024,Meera Joshi,East,Divya Menon,Electronics,Smartwatch,34712.39,1,34712.39,Pending
ORD01631,09-09-2024,Ananya Patel,South,Neha Reddy,Clothing,T-Shirt,1071.61,1,1071.61,Delivered
ORD02362,09-09-2024,Suresh Malhotra,East,Arjun Rao,Electronics,Laptop,26331.23,1,26331.23,Cancelled
ORD01958,09-09-2024,Rahul Joshi,South,Anjali Gupta,Clothing,T-Shirt,3165.6,1,3165.6,Delivered
ORD01019,10-09-2024,Amit Rao,Central,Sneha Iyer,Groceries,Cooking Oil 1L,404.11,1,404.11,Delivered
ORD01166,10-09-2024,Rajesh Malhotra,East,Arjun Rao,Electronics,Tablet,67887.32,1,67887.32,Delivered
ORD01286,10-09-2024,Manish Shah,East,Aarav Sharma,Furniture,Study Table,13922.8,1,13922.8,Pending
ORD00709,11-09-2024,Pooja Rao,North,Sneha Iyer,Electronics,Laptop,64828.69,1,64828.69,Delivered
ORD00525,11-09-2024,Sanjay Rao,South,Anjali Gupta,Sports,Cricket Bat,2787.87,5,13939.35,Pending
ORD01048,11-09-2024,Vivek Desai,South,Rohan Mehta,Electronics,Laptop,32245.62,1,32245.62,Pending
ORD01435,11-09-2024,Aditi Patel,South,Neha Reddy,Clothing,Jeans,2689.75,3,8069.25,Delivered
ORD01136,11-09-2024,Gaurav Reddy,North,Karan Verma,Electronics,Tablet,77584.93,1,77584.93,Delivered
ORD00627,11-09-2024,Tarun Patel,Central,Anjali Gupta,Electronics,Headphones,59987.94,1,59987.94,Cancelled
ORD00062,12-09-2024,Aditi Reddy,South,Karan Verma,Groceries,Rice 5kg,1103.78,3,3311.34,Delivered
ORD00389,12-09-2024,Isha Reddy,North,Vikram Singh,Furniture,Sofa,13040.75,2,26081.5,Delivered
ORD01597,12-09-2024,Suresh Patel,East,Karan Verma,Furniture,Office Chair,9096.26,1,9096.26,Delivered
ORD02376,12-09-2024,Meera Reddy,Central,Aarav Sharma,Electronics,Smartwatch,32018.44,1,32018.44,Pending
ORD01440,13-09-2024,Tarun Joshi,North,Sneha Iyer,Electronics,Tablet,2436.34,1,2436.34,Cancelled
ORD01566,13-09-2024,Sanjay Kumar,South,Priya Nair,Clothing,Jacket,2902.14,1,2902.14,Pending
ORD02112,13-09-2024,Isha Patel,East,Vikram Singh,Clothing,Jacket,891.64,1,891.64,Delivered
ORD01194,13-09-2024,Riya Patel,North,Vikram Singh,Electronics,Laptop,46890.58,2,93781.16,Delivered
ORD01073,13-09-2024,Tarun Nair,Central,Vikram Singh,Electronics,Tablet,33087.62,1,33087.62,Pending
ORD00893,13-09-2024,Rahul Malhotra,East,Priya Nair,Electronics,Smartphone,71871.84,1,71871.84,Delivered
ORD00995,14-09-2024,Riya Reddy,Central,Sneha Iyer,Groceries,Cooking Oil 1L,996.65,1,996.65,Delivered
ORD02479,14-09-2024,Tarun Desai,East,Arjun Rao,Electronics,Smartwatch,35068.06,1,35068.06,Delivered
ORD01303,14-09-2024,Anita Kumar,North,Sneha Iyer,Furniture,Bookshelf,17800.01,3,53400.03,Delivered
ORD00924,14-09-2024,Sanjay Joshi,North,Arjun Rao,Clothing,Formal Shirt,3961.18,1,3961.18,Pending
ORD01179,15-09-2024,Nikhil Patel,North,Neha Reddy,Sports,Football,3670.88,1,3670.88,Delivered
ORD01928,15-09-2024,Vivek Desai,East,Divya Menon,Furniture,Bookshelf,11025.54,1,11025.54,Pending
ORD02328,15-09-2024,Amit Rao,North,Anjali Gupta,Clothing,Formal Shirt,2866.58,2,5733.16,Delivered
ORD02144,15-09-2024,Anita Joshi,East,Aarav Sharma,Furniture,Study Table,17724.24,1,17724.24,Pending
ORD02301,15-09-2024,Anita Malhotra,West,Sneha Iyer,Clothing,Formal Shirt,610.95,3,1832.85,Pending
ORD01454,16-09-2024,Shreya Desai,West,Rohan Mehta,Clothing,T-Shirt,2663.48,1,2663.48,Delivered
ORD01447,16-09-2024,Suresh Reddy,West,Rohan Mehta,Groceries,Rice 5kg,1842.33,1,1842.33,Delivered
ORD01241,16-09-2024,Amit Nair,South,Anjali Gupta,Groceries,Spices Pack,1657.82,1,1657.82,Cancelled
ORD01598,16-09-2024,Anita Malhotra,Central,Aarav Sharma,Furniture,Bookshelf,24432.52,1,24432.52,Delivered
ORD02318,17-09-2024,Riya Kapoor,South,Anjali Gupta,Clothing,T-Shirt,1364.35,1,1364.35,Delivered
ORD01835,18-09-2024,Kavya Kumar,West,Aarav Sharma,Furniture,Office Chair,17280.17,2,34560.34,Cancelled
ORD02224,18-09-2024,Tarun Patel,Central,Arjun Rao,Furniture,Sofa,18518.52,2,37037.04,Pending
ORD02406,18-09-2024,Nikhil Malhotra,South,Karan Verma,Furniture,Bookshelf,8676.69,1,8676.69,Delivered
ORD01400,19-09-2024,Aditi Joshi,Central,Divya Menon,Groceries,Atta 10kg,1918.86,1,1918.86,Pending
ORD01234,19-09-2024,Anita Reddy,West,Neha Reddy,Electronics,Laptop,72888.27,1,72888.27,Pending
ORD01908,19-09-2024,Rajesh Reddy,North,Vikram Singh,Electronics,Smartwatch,20193.84,1,20193.84,Cancelled
ORD02267,19-09-2024,Manish Shah,West,Aarav Sharma,Groceries,Cooking Oil 1L,974.39,1,974.39,Delivered
ORD02121,19-09-2024,Vivek Joshi,South,Priya Nair,Clothing,Jeans,1474.07,1,1474.07,Cancelled
ORD02412,20-09-2024,Anita Reddy,Central,Anjali Gupta,Electronics,Smartphone,69697.07,1,69697.07,Delivered
ORD02252,21-09-2024,Isha Kumar,East,Anjali Gupta,Groceries,Rice 5kg,172.67,1,172.67,Delivered
ORD01083,21-09-2024,Kavya Kapoor,East,Arjun Rao,Sports,Football,1257.46,1,1257.46,Delivered
ORD02196,21-09-2024,Anita Patel,South,Aarav Sharma,Furniture,Sofa,7535.25,1,7535.25,Pending
ORD00657,21-09-2024,Meera Joshi,East,Rohan Mehta,Clothing,Formal Shirt,1609.04,1,1609.04,Delivered
ORD01199,21-09-2024,Manish Kumar,Central,Rohan Mehta,Groceries,Cooking Oil 1L,2185.48,3,6556.44,Pending
ORD01545,21-09-2024,Aditi Desai,North,Anjali Gupta,Sports,Yoga Mat,3531.33,1,3531.33,Delivered
ORD01281,22-09-2024,Meera Desai,North,Arjun Rao,Clothing,Jeans,1370.24,1,1370.24,Pending
ORD00620,22-09-2024,Suresh Kapoor,North,Priya Nair,Clothing,T-Shirt,2264.84,1,2264.84,Delivered
ORD02154,23-09-2024,Gaurav Malhotra,West,Aarav Sharma,Furniture,Study Table,20988.96,1,20988.96,Delivered
ORD01195,23-09-2024,Vivek Kumar,East,Neha Reddy,Clothing,Formal Shirt,3139.21,5,15696.05,Delivered
ORD00137,23-09-2024,Rahul Kapoor,East,Arjun Rao,Sports,Yoga Mat,2401.79,1,2401.79,Delivered
ORD00184,23-09-2024,Amit Patel,North,Rohan Mehta,Groceries,Cooking Oil 1L,1642.18,2,3284.36,Pending
ORD00792,23-09-2024,Shreya Rao,West,Karan Verma,Groceries,Atta 10kg,1412.95,1,1412.95,Pending
ORD01226,23-09-2024,Amit Nair,Central,Divya Menon,Groceries,Spices Pack,116.7,1,116.7,Delivered
ORD00116,24-09-2024,Rajesh Patel,South,Karan Verma,Groceries,Rice 5kg,520.89,2,1041.78,Delivered
ORD00286,24-09-2024,Amit Malhotra,South,Karan Verma,Clothing,T-Shirt,3365.65,3,10096.95,Delivered
ORD01005,24-09-2024,Anita Kumar,Central,Rohan Mehta,Clothing,T-Shirt,3536.6,1,3536.6,Delivered
ORD00927,24-09-2024,Suresh Joshi,South,Rohan Mehta,Furniture,Bookshelf,2796.18,2,5592.36,Pending
ORD00874,25-09-2024,Isha Rao,West,Priya Nair,Clothing,Jacket,877.27,2,1754.54,Pending
ORD01677,25-09-2024,Aditi Kumar,South,Arjun Rao,Clothing,Jacket,1802.76,1,1802.76,Pending
ORD02399,25-09-2024,Rahul Nair,South,Aarav Sharma,Furniture,Study Table,3128.38,2,6256.76,Delivered
ORD02082,26-09-2024,Gaurav Desai,South,Arjun Rao,Electronics,Smartphone,17345.16,1,17345.16,Delivered
ORD00439,26-09-2024,Sanjay Rao,Central,Anjali Gupta,Groceries,Spices Pack,2428.56,3,7285.68,Delivered
ORD00805,26-09-2024,Isha Malhotra,West,Neha Reddy,Electronics,Laptop,8074.56,2,16149.12,Delivered
ORD00089,26-09-2024,Manish Malhotra,East,Divya Menon,Clothing,Jacket,991.36,2,1982.72,Cancelled
ORD00962,27-09-2024,Riya Nair,Central,Neha Reddy,Clothing,Jacket,2184.35,1,2184.35,Delivered
ORD00686,27-09-2024,Gaurav Nair,Central,Neha Reddy,Clothing,T-Shirt,442.9,1,442.9,Delivered
ORD00752,27-09-2024,Sonal Rao,South,Rohan Mehta,Groceries,Cooking Oil 1L,2339.66,1,2339.66,Delivered
ORD01046,27-09-2024,Riya Desai,West,Vikram Singh,Furniture,Bookshelf,14730.8,1,14730.8,Delivered
ORD01357,27-09-2024,Manish Shah,South,Aarav Sharma,Electronics,Smartphone,19269.97,1,19269.97,Delivered
ORD00881,27-09-2024,Rajesh Kumar,South,Anjali Gupta,Sports,Football,5954.19,1,5954.19,Delivered
ORD01775,27-09-2024,Anita Joshi,South,Priya Nair,Electronics,Smartwatch,18602.36,1,18602.36,Delivered
ORD01321,28-09-2024,Riya Malhotra,Central,Rohan Mehta,Electronics,Smartwatch,17792.47,3,53377.41,Pending
ORD01171,28-09-2024,Gaurav Reddy,South,Rohan Mehta,Furniture,Study Table,18371.52,2,36743.04,Delivered
ORD01680,28-09-2024,Amit Joshi,East,Anjali Gupta,Electronics,Smartwatch,26261.53,1,26261.53,Delivered
ORD00343,28-09-2024,Tarun Desai,South,Arjun Rao,Groceries,Spices Pack,2487.57,2,4975.14,Delivered
ORD01214,29-09-2024,Amit Kumar,Central,Aarav Sharma,Furniture,Sofa,11697.48,1,11697.48,Cancelled
ORD00603,29-09-2024,Isha Rao,East,Aarav Sharma,Electronics,Smartwatch,65320.92,1,65320.92,Delivered
ORD01578,29-09-2024,Sonal Kumar,East,Aarav Sharma,Electronics,Smartphone,8256.2,2,16512.4,Delivered
ORD01099,29-09-2024,Meera Kumar,West,Karan Verma,Groceries,Rice 5kg,588.92,1,588.92,Cancelled
ORD00344,30-09-2024,Rahul Kumar,West,Rohan Mehta,Groceries,Atta 10kg,613.5,1,613.5,Delivered
ORD01106,30-09-2024,Rahul Rao,Central,Sneha Iyer,Electronics,Smartwatch,53776.27,1,53776.27,Delivered
ORD00329,30-09-2024,Sonal Shah,North,Sneha Iyer,Clothing,Jeans,2721.4,1,2721.4,Cancelled
ORD02083,30-09-2024,Suresh Patel,North,Rohan Mehta,Electronics,Tablet,71417.24,3,214251.72,Cancelled
ORD02152,01-10-2024,Suresh Kumar,East,Anjali Gupta,Sports,Cricket Bat,2197,1,3075.8,Cancelled
ORD01529,02-10-2024,Pooja Patel,South,Arjun Rao,Clothing,Formal Shirt,2453.26,1,3434.56,Delivered
ORD00431,02-10-2024,Pooja Malhotra,West,Rohan Mehta,Electronics,Smartphone,7836.05,1,10970.47,Delivered
ORD01344,02-10-2024,Sanjay Nair,South,Priya Nair,Sports,Yoga Mat,7164.2,1,10029.88,Delivered
ORD01185,02-10-2024,Shreya Shah,East,Aarav Sharma,Electronics,Headphones,37145.43,1,52003.6,Pending
ORD01740,02-10-2024,Sonal Shah,West,Rohan Mehta,Groceries,Atta 10kg,408.56,1,571.98,Delivered
ORD01314,02-10-2024,Aditi Kumar,East,Neha Reddy,Sports,Yoga Mat,6854.69,1,9596.57,Delivered
ORD01892,03-10-2024,Gaurav Malhotra,East,Neha Reddy,Furniture,Office Chair,10086.77,1,14121.48,Pending
ORD01807,03-10-2024,Ananya Rao,Central,Vikram Singh,Sports,Dumbbells Set,1173.17,1,1642.44,Delivered
ORD01875,03-10-2024,Suresh Desai,West,Sneha Iyer,Clothing,Formal Shirt,3619.42,2,10134.38,Cancelled
ORD02423,03-10-2024,Vivek Nair,East,Divya Menon,Furniture,Study Table,24415.19,2,68362.53,Pending
ORD02043,03-10-2024,Manish Shah,East,Arjun Rao,Sports,Football,1611.35,1,2255.89,Delivered
ORD01548,03-10-2024,Aditi Joshi,South,Arjun Rao,Electronics,Smartphone,21086.74,2,59042.87,Delivered
ORD00392,03-10-2024,Rajesh Kapoor,Central,Sneha Iyer,Clothing,Jeans,3382.8,2,9471.84,Delivered
ORD00423,03-10-2024,Nikhil Reddy,North,Anjali Gupta,Groceries,Atta 10kg,1758.12,1,2461.37,Delivered
ORD00929,04-10-2024,Gaurav Patel,Central,Neha Reddy,Electronics,Laptop,57041.43,1,79858,Cancelled
ORD01257,04-10-2024,Sonal Reddy,North,Aarav Sharma,Electronics,Headphones,23142.91,1,32400.07,Delivered
ORD01448,05-10-2024,Suresh Joshi,South,Neha Reddy,Sports,Yoga Mat,3642.3,1,5099.22,Cancelled
ORD02411,05-10-2024,Pooja Joshi,West,Vikram Singh,Furniture,Sofa,18104.31,1,25346.03,Pending
ORD01455,05-10-2024,Suresh Kapoor,South,Aarav Sharma,Sports,Cricket Bat,7125.63,1,9975.88,Delivered
ORD01018,06-10-2024,Manish Rao,West,Karan Verma,Electronics,Tablet,7070.06,2,19796.17,Pending
ORD02352,06-10-2024,Gaurav Desai,West,Anjali Gupta,Electronics,Smartphone,5802.1,2,16245.88,Delivered
ORD02208,06-10-2024,Sonal Desai,West,Anjali Gupta,Groceries,Spices Pack,1676.91,1,2347.67,Delivered
ORD00759,06-10-2024,Sonal Rao,South,Arjun Rao,Electronics,Headphones,51816.47,1,72543.06,Delivered
ORD02101,06-10-2024,Gaurav Desai,West,Sneha Iyer,Clothing,Jacket,930.58,1,1302.81,Pending
ORD00761,06-10-2024,Pooja Kumar,East,Sneha Iyer,Clothing,Jeans,843.95,1,1181.53,Delivered
ORD02415,07-10-2024,Vivek Rao,Central,Neha Reddy,Sports,Football,1868.66,1,2616.12,Delivered
ORD01309,07-10-2024,Rahul Rao,North,Anjali Gupta,Electronics,Tablet,21293.41,2,59621.55,Delivered
ORD02175,07-10-2024,Vivek Nair,North,Divya Menon,Sports,Dumbbells Set,4988.28,2,13967.18,Cancelled
ORD00636,07-10-2024,Vivek Shah,Central,Karan Verma,Furniture,Study Table,20343.24,1,28480.54,Pending
ORD01861,07-10-2024,Gaurav Desai,South,Vikram Singh,Clothing,T-Shirt,3993.68,1,5591.15,Delivered
ORD02320,08-10-2024,Aditi Reddy,Central,Vikram Singh,Furniture,Sofa,6518.73,2,18252.44,Delivered
ORD00174,08-10-2024,Shreya Shah,Central,Aarav Sharma,Electronics,Headphones,37271.52,3,156540.38,Pending
ORD01871,08-10-2024,Gaurav Malhotra,Central,Divya Menon,Groceries,Atta 10kg,1297.55,1,1816.57,Delivered
ORD00628,08-10-2024,Anita Desai,West,Arjun Rao,Sports,Dumbbells Set,1271.09,1,1779.53,Cancelled
ORD00096,09-10-2024,Meera Rao,South,Divya Menon,Furniture,Sofa,24038.26,1,33653.56,Pending
ORD00281,09-10-2024,Isha Rao,Central,Aarav Sharma,Electronics,Smartwatch,38632.06,1,54084.88,Pending
ORD02373,09-10-2024,Aditi Patel,Central,Aarav Sharma,Clothing,Formal Shirt,2525.45,2,7071.26,Delivered
ORD00654,09-10-2024,Kavya Kumar,South,Karan Verma,Electronics,Smartwatch,60398.48,1,84557.87,Delivered
ORD00474,10-10-2024,Kavya Patel,East,Arjun Rao,Groceries,Cooking Oil 1L,1436.9,1,2011.66,Delivered
ORD00272,10-10-2024,Anita Joshi,West,Rohan Mehta,Electronics,Laptop,25770.59,2,72157.65,Pending
ORD01412,11-10-2024,Aditi Patel,South,Priya Nair,Clothing,T-Shirt,1851.63,2,5184.56,Delivered
ORD01429,11-10-2024,Riya Kapoor,West,Karan Verma,Sports,Football,3810.62,2,10669.74,Pending
ORD00564,11-10-2024,Rahul Shah,South,Rohan Mehta,Furniture,Sofa,13263.61,1,18569.05,Delivered
ORD00911,11-10-2024,Rajesh Patel,West,Aarav Sharma,Electronics,Smartwatch,11937.83,1,16712.96,Delivered
ORD01854,11-10-2024,Meera Kapoor,North,Karan Verma,Clothing,T-Shirt,3510.82,1,4915.15,Pending
ORD00817,12-10-2024,Meera Rao,Central,Neha Reddy,Electronics,Smartwatch,21215.16,1,29701.22,Pending
ORD02286,12-10-2024,Meera Shah,South,Rohan Mehta,Clothing,Jacket,3454.99,1,4836.99,Delivered
ORD01745,13-10-2024,Nikhil Rao,South,Sneha Iyer,Electronics,Smartphone,29288.48,2,82007.74,Pending
ORD02408,13-10-2024,Sonal Kapoor,East,Karan Verma,Clothing,Jeans,760.62,2,2129.74,Pending
ORD00505,13-10-2024,Isha Desai,Central,Sneha Iyer,Furniture,Bookshelf,7480.31,1,10472.43,Delivered
ORD00456,13-10-2024,Nikhil Malhotra,South,Neha Reddy,Electronics,Tablet,36843.73,1,51581.22,Delivered
ORD02013,14-10-2024,Pooja Reddy,North,Priya Nair,Electronics,Smartphone,57235.83,2,160260.32,Delivered
ORD01127,14-10-2024,Isha Joshi,Central,Divya Menon,Groceries,Cooking Oil 1L,1388.48,2,3887.74,Delivered
ORD00372,15-10-2024,Suresh Rao,East,Anjali Gupta,Groceries,Cooking Oil 1L,1860.37,1,2604.52,Delivered
ORD01951,15-10-2024,Isha Reddy,North,Anjali Gupta,Sports,Yoga Mat,6119,2,17133.2,Cancelled
ORD01741,15-10-2024,Rajesh Patel,North,Anjali Gupta,Groceries,Rice 5kg,1837.59,1,2572.63,Delivered
ORD02002,15-10-2024,Rajesh Desai,East,Sneha Iyer,Electronics,Smartwatch,62314.37,2,174480.24,Pending
ORD00208,15-10-2024,Isha Shah,Central,Sneha Iyer,Sports,Football,1371.82,2,3841.1,Delivered
ORD01196,16-10-2024,Rajesh Nair,South,Neha Reddy,Electronics,Headphones,55142.43,1,77199.4,Delivered
ORD02131,16-10-2024,Kavya Patel,South,Sneha Iyer,Clothing,T-Shirt,1133.75,1,1587.25,Delivered
ORD02340,16-10-2024,Anita Kumar,South,Neha Reddy,Electronics,Smartwatch,11219.35,1,15707.09,Delivered
ORD01765,17-10-2024,Aditi Kumar,Central,Aarav Sharma,Electronics,Tablet,78714.6,1,110200.44,Delivered
ORD02356,17-10-2024,Tarun Nair,West,Karan Verma,Electronics,Tablet,69498.92,1,97298.49,Delivered
ORD00282,17-10-2024,Amit Joshi,North,Aarav Sharma,Furniture,Bookshelf,6364.33,1,8910.06,Delivered
ORD01600,18-10-2024,Riya Kapoor,West,Neha Reddy,Groceries,Cooking Oil 1L,2011.72,1,2816.41,Cancelled
ORD00989,18-10-2024,Meera Joshi,South,Sneha Iyer,Sports,Dumbbells Set,5387.6,3,22627.92,Pending
ORD01960,19-10-2024,Rajesh Shah,Central,Anjali Gupta,Electronics,Tablet,52211.76,1,73096.46,Delivered
ORD01095,19-10-2024,Anita Malhotra,South,Divya Menon,Sports,Football,5265.78,2,14744.18,Delivered
ORD01091,19-10-2024,Sonal Joshi,North,Vikram Singh,Clothing,T-Shirt,967,1,1353.8,Delivered
ORD01796,19-10-2024,Riya Kumar,West,Divya Menon,Electronics,Headphones,55394.47,1,77552.26,Delivered
ORD00727,19-10-2024,Gaurav Reddy,South,Rohan Mehta,Electronics,Headphones,43598.05,5,305186.35,Delivered
ORD00835,19-10-2024,Tarun Kapoor,North,Anjali Gupta,Electronics,Smartwatch,74735.31,2,209258.87,Delivered
ORD00612,19-10-2024,Sonal Reddy,Central,Neha Reddy,Electronics,Headphones,17325.98,1,24256.37,Delivered
ORD02227,20-10-2024,Gaurav Patel,Central,Arjun Rao,Electronics,Smartwatch,67069.85,1,93897.79,Pending
ORD01334,20-10-2024,Rahul Kapoor,West,Aarav Sharma,Groceries,Spices Pack,1523.17,2,4264.88,Cancelled
ORD00819,21-10-2024,Rajesh Kapoor,East,Divya Menon,Electronics,Tablet,44391.79,1,62148.51,Pending
ORD01398,21-10-2024,Pooja Nair,Central,Divya Menon,Groceries,Cooking Oil 1L,2103.53,1,2944.94,Pending
ORD00946,22-10-2024,Ananya Rao,East,Aarav Sharma,Electronics,Tablet,74410.19,1,104174.27,Pending
ORD00384,22-10-2024,Gaurav Nair,East,Priya Nair,Furniture,Study Table,18719.24,1,26206.94,Delivered
ORD01330,23-10-2024,Shreya Reddy,East,Karan Verma,Sports,Yoga Mat,6410.65,1,8974.91,Delivered
ORD00843,23-10-2024,Riya Kumar,West,Karan Verma,Groceries,Cooking Oil 1L,558.65,2,1564.22,Delivered
ORD01882,24-10-2024,Nikhil Malhotra,North,Vikram Singh,Groceries,Rice 5kg,430.73,1,603.02,Pending
ORD01587,24-10-2024,Suresh Patel,Central,Priya Nair,Groceries,Cooking Oil 1L,2495.67,1,3493.94,Pending
ORD02346,24-10-2024,Vivek Patel,South,Aarav Sharma,Electronics,Smartwatch,13920.6,1,19488.84,Cancelled
ORD01521,25-10-2024,Sanjay Kumar,North,Karan Verma,Sports,Cricket Bat,6313.5,1,8838.9,Delivered
ORD01049,25-10-2024,Ananya Shah,South,Priya Nair,Furniture,Bookshelf,9595.89,1,13434.25,Delivered
ORD02000,26-10-2024,Kavya Shah,South,Karan Verma,Sports,Yoga Mat,2560.17,1,3584.24,Delivered
ORD02029,26-10-2024,Nikhil Malhotra,Central,Vikram Singh,Sports,Football,5022.31,2,14062.47,Pending
ORD01368,27-10-2024,Nikhil Rao,West,Rohan Mehta,Sports,Dumbbells Set,2241.9,1,3138.66,Pending
ORD01939,27-10-2024,Gaurav Kumar,South,Anjali Gupta,Groceries,Spices Pack,2258.27,2,6323.16,Delivered
ORD00380,27-10-2024,Riya Kapoor,South,Sneha Iyer,Groceries,Rice 5kg,1400.78,3,5883.28,Pending
ORD02405,27-10-2024,Manish Shah,Central,Sneha Iyer,Clothing,Formal Shirt,3993.71,1,5591.19,Delivered
ORD00772,28-10-2024,Rahul Kumar,Central,Neha Reddy,Electronics,Headphones,51232.67,1,71725.74,Delivered
ORD00434,28-10-2024,Shreya Kumar,East,Vikram Singh,Clothing,T-Shirt,2122.59,2,5943.25,Delivered
ORD02059,28-10-2024,Suresh Rao,West,Sneha Iyer,Groceries,Rice 5kg,1571.46,2,4400.09,Delivered
ORD00689,28-10-2024,Gaurav Joshi,South,Divya Menon,Furniture,Office Chair,13885.68,1,19439.95,Delivered
ORD00969,29-10-2024,Aditi Kumar,North,Vikram Singh,Clothing,Formal Shirt,1886.48,1,2641.07,Delivered
ORD01115,29-10-2024,Meera Kapoor,North,Anjali Gupta,Sports,Football,3596.47,2,10070.12,Delivered
ORD01782,30-10-2024,Meera Desai,South,Arjun Rao,Groceries,Spices Pack,1957.75,1,2740.85,Pending
ORD01072,30-10-2024,Sonal Reddy,North,Sneha Iyer,Clothing,Jeans,2816.92,1,3943.69,Cancelled
ORD02271,31-10-2024,Shreya Patel,West,Karan Verma,Groceries,Cooking Oil 1L,479.3,1,671.02,Delivered
ORD02378,01-11-2024,Nikhil Rao,North,Vikram Singh,Furniture,Bookshelf,22535.96,2,63100.69,Delivered
ORD00648,01-11-2024,Tarun Kapoor,West,Divya Menon,Electronics,Laptop,46337.69,2,129745.53,Pending
ORD01002,01-11-2024,Gaurav Reddy,Central,Neha Reddy,Furniture,Study Table,6922.26,1,9691.16,Delivered
ORD01376,01-11-2024,Ananya Reddy,Central,Neha Reddy,Electronics,Smartwatch,34252.78,1,47953.89,Cancelled
ORD01189,02-11-2024,Vivek Desai,Central,Divya Menon,Electronics,Smartwatch,51070.86,2,142998.41,Pending
ORD01625,02-11-2024,Sonal Kapoor,East,Rohan Mehta,Clothing,T-Shirt,1436.15,1,2010.61,Delivered
ORD01364,02-11-2024,Tarun Kapoor,North,Aarav Sharma,Groceries,Atta 10kg,143.58,2,402.02,Pending
ORD02044,02-11-2024,Nikhil Nair,South,Priya Nair,Groceries,Atta 10kg,1354.49,1,1896.29,Pending
ORD02171,03-11-2024,Nikhil Reddy,South,Arjun Rao,Electronics,Laptop,56798.75,2,159036.5,Delivered
ORD01603,03-11-2024,Vivek Reddy,Central,Rohan Mehta,Furniture,Study Table,5487.04,1,7681.86,Pending
ORD01024,03-11-2024,Sonal Rao,South,Divya Menon,Clothing,T-Shirt,3076.76,1,4307.46,Delivered
ORD02119,03-11-2024,Meera Malhotra,East,Vikram Singh,Groceries,Cooking Oil 1L,993.45,1,1390.83,Delivered
ORD00069,03-11-2024,Shreya Desai,South,Rohan Mehta,Groceries,Rice 5kg,1980.77,1,2773.08,Cancelled
ORD01893,03-11-2024,Isha Kapoor,North,Priya Nair,Clothing,Jeans,2251.38,1,3151.93,Delivered
ORD02132,04-11-2024,Sanjay Malhotra,West,Vikram Singh,Electronics,Tablet,77323.74,1,108253.24,Delivered
ORD00877,04-11-2024,Ananya Desai,Central,Rohan Mehta,Sports,Football,6123,1,8572.2,Delivered
ORD01035,04-11-2024,Gaurav Joshi,North,Priya Nair,Furniture,Sofa,15866.89,3,66640.94,Cancelled
ORD01151,04-11-2024,Nikhil Nair,North,Aarav Sharma,Groceries,Spices Pack,477.71,1,668.79,Cancelled
ORD01903,04-11-2024,Sanjay Nair,South,Rohan Mehta,Clothing,Jacket,3244.2,1,4541.88,Delivered
ORD01957,05-11-2024,Nikhil Patel,South,Priya Nair,Electronics,Smartwatch,43946.12,1,61524.57,Pending
ORD00573,05-11-2024,Isha Desai,Central,Sneha Iyer,Groceries,Rice 5kg,1691.55,1,2368.17,Delivered
ORD02420,06-11-2024,Amit Rao,Central,Karan Verma,Groceries,Rice 5kg,1806.9,1,2529.66,Delivered
ORD00178,06-11-2024,Amit Rao,North,Divya Menon,Sports,Yoga Mat,5561.01,1,7785.41,Delivered
ORD01579,06-11-2024,Isha Joshi,South,Aarav Sharma,Clothing,Formal Shirt,1750.15,1,2450.21,Delivered
ORD01296,07-11-2024,Tarun Nair,West,Aarav Sharma,Sports,Dumbbells Set,5326.66,2,14914.65,Delivered
ORD02305,08-11-2024,Rahul Joshi,North,Rohan Mehta,Electronics,Headphones,71128.39,1,99579.75,Delivered
ORD00546,08-11-2024,Ananya Kapoor,East,Neha Reddy,Electronics,Headphones,46482.38,1,65075.33,Delivered
ORD01737,08-11-2024,Sanjay Shah,West,Sneha Iyer,Sports,Dumbbells Set,1317.16,1,1844.02,Delivered
ORD00330,08-11-2024,Rajesh Desai,Central,Divya Menon,Clothing,Jeans,2257.1,1,3159.94,Pending
ORD00679,09-11-2024,Pooja Nair,Central,Anjali Gupta,Groceries,Cooking Oil 1L,717.95,1,1005.13,Delivered
ORD02028,09-11-2024,Ananya Kapoor,South,Aarav Sharma,Clothing,T-Shirt,2683.47,2,7513.72,Pending
ORD01393,09-11-2024,Anita Reddy,East,Rohan Mehta,Clothing,Jeans,462.89,1,648.05,Delivered
ORD01923,10-11-2024,Rahul Rao,North,Rohan Mehta,Electronics,Laptop,49940.73,1,69917.02,Pending
ORD02385,10-11-2024,Isha Kapoor,South,Aarav Sharma,Electronics,Headphones,29845.57,2,83567.6,Cancelled
ORD00959,12-11-2024,Sanjay Desai,South,Sneha Iyer,Furniture,Bookshelf,3733.83,1,5227.36,Delivered
ORD01221,12-11-2024,Riya Desai,South,Vikram Singh,Furniture,Study Table,3065.76,3,12876.19,Delivered
ORD00831,12-11-2024,Kavya Kapoor,North,Priya Nair,Furniture,Sofa,23559.9,2,65967.72,Pending
ORD01263,12-11-2024,Tarun Patel,Central,Divya Menon,Clothing,Jeans,567.55,1,794.57,Delivered
ORD02092,12-11-2024,Tarun Kumar,Central,Neha Reddy,Groceries,Rice 5kg,2476.21,1,3466.69,Pending
ORD00161,13-11-2024,Sanjay Kapoor,West,Sneha Iyer,Clothing,Jacket,3333.37,1,4666.72,Pending
ORD02350,13-11-2024,Gaurav Patel,East,Priya Nair,Furniture,Study Table,4090.75,1,5727.05,Delivered
ORD01047,14-11-2024,Manish Desai,Central,Divya Menon,Sports,Cricket Bat,7090.28,1,9926.39,Cancelled
ORD00156,15-11-2024,Aditi Reddy,Central,Arjun Rao,Furniture,Sofa,15600.48,1,21840.67,Delivered
ORD01470,15-11-2024,Isha Desai,West,Vikram Singh,Furniture,Study Table,3160.77,1,4425.08,Delivered
ORD01510,15-11-2024,Aditi Joshi,Central,Vikram Singh,Clothing,Formal Shirt,2922.21,1,4091.09,Delivered
ORD01786,15-11-2024,Sanjay Kumar,North,Neha Reddy,Groceries,Cooking Oil 1L,934.64,1,1308.5,Pending
ORD01790,16-11-2024,Shreya Nair,North,Arjun Rao,Furniture,Study Table,3906.79,1,5469.51,Pending
ORD01097,16-11-2024,Meera Nair,West,Anjali Gupta,Furniture,Office Chair,11595.66,1,16233.92,Delivered
ORD00202,16-11-2024,Gaurav Reddy,North,Karan Verma,Clothing,T-Shirt,734.54,1,1028.36,Delivered
ORD01017,18-11-2024,Kavya Malhotra,South,Sneha Iyer,Furniture,Sofa,10463.26,1,14648.56,Pending
ORD02433,18-11-2024,Shreya Shah,Central,Priya Nair,Groceries,Rice 5kg,1985.12,1,2779.17,Cancelled
ORD00140,18-11-2024,Ananya Rao,North,Anjali Gupta,Furniture,Study Table,14278.8,2,39980.64,Delivered
ORD02024,18-11-2024,Suresh Desai,South,Anjali Gupta,Clothing,Formal Shirt,1466.02,2,4104.86,Pending
ORD00994,19-11-2024,Rahul Malhotra,West,Rohan Mehta,Electronics,Tablet,22459.78,2,62887.38,Delivered
ORD01655,19-11-2024,Kavya Reddy,East,Anjali Gupta,Groceries,Cooking Oil 1L,2331.96,1,3264.74,Delivered
ORD00669,19-11-2024,Shreya Malhotra,North,Rohan Mehta,Clothing,T-Shirt,1694.83,1,2372.76,Delivered
ORD00561,19-11-2024,Sanjay Joshi,North,Rohan Mehta,Clothing,Formal Shirt,3629.18,2,10161.7,Pending
ORD01443,20-11-2024,Suresh Desai,South,Karan Verma,Clothing,Jeans,1262.16,1,1767.02,Delivered
ORD02401,20-11-2024,Rajesh Kapoor,West,Sneha Iyer,Electronics,Smartwatch,68004.21,1,95205.89,Delivered
ORD02203,20-11-2024,Ananya Nair,West,Vikram Singh,Electronics,Laptop,31000.48,1,43400.67,Pending
ORD00506,21-11-2024,Amit Nair,West,Arjun Rao,Clothing,Jacket,1767.92,1,2475.09,Delivered
ORD01773,22-11-2024,Sonal Reddy,Central,Karan Verma,Sports,Football,7887.87,1,11043.02,Pending
ORD02294,22-11-2024,Shreya Kumar,East,Priya Nair,Furniture,Office Chair,1547.26,1,2166.16,Delivered
ORD00577,22-11-2024,Sonal Kumar,Central,Priya Nair,Sports,Cricket Bat,5732.83,1,8025.96,Delivered
ORD02248,22-11-2024,Aditi Joshi,West,Neha Reddy,Furniture,Sofa,12498.82,1,17498.35,Pending
ORD00866,23-11-2024,Manish Kumar,Central,Aarav Sharma,Furniture,Bookshelf,24364.6,1,34110.44,Delivered
ORD01805,23-11-2024,Rahul Desai,East,Priya Nair,Sports,Football,1476.95,1,2067.73,Cancelled
ORD01552,23-11-2024,Anita Kumar,Central,Anjali Gupta,Clothing,Jeans,1202.03,1,1682.84,Delivered
ORD01227,23-11-2024,Shreya Patel,West,Anjali Gupta,Electronics,Headphones,13867.54,2,38829.11,Cancelled
ORD02489,23-11-2024,Shreya Joshi,South,Vikram Singh,Sports,Yoga Mat,5822.99,1,8152.19,Delivered
ORD00108,23-11-2024,Rajesh Rao,South,Rohan Mehta,Electronics,Tablet,15926.48,1,22297.07,Pending
ORD02371,24-11-2024,Amit Kapoor,Central,Aarav Sharma,Clothing,Formal Shirt,3647.58,1,5106.61,Delivered
ORD01225,24-11-2024,Manish Kumar,East,Anjali Gupta,Sports,Yoga Mat,6174.71,2,17289.19,Pending
ORD00223,24-11-2024,Riya Malhotra,West,Arjun Rao,Furniture,Study Table,1745.05,1,2443.07,Delivered
ORD01399,24-11-2024,Shreya Rao,North,Aarav Sharma,Groceries,Spices Pack,812.67,2,2275.48,Delivered
ORD00844,25-11-2024,Gaurav Shah,West,Aarav Sharma,Furniture,Sofa,21579.69,1,30211.57,Delivered
ORD00740,25-11-2024,Gaurav Shah,Central,Vikram Singh,Sports,Cricket Bat,3265.32,1,4571.45,Delivered
ORD01345,25-11-2024,Rajesh Joshi,West,Divya Menon,Electronics,Laptop,75831.98,1,106164.77,Delivered
ORD00549,26-11-2024,Isha Kumar,East,Vikram Singh,Electronics,Tablet,26857.79,1,37600.91,Delivered
ORD00015,26-11-2024,Suresh Malhotra,North,Aarav Sharma,Furniture,Sofa,22558.15,1,31581.41,Delivered
ORD00845,26-11-2024,Amit Kapoor,South,Aarav Sharma,Groceries,Atta 10kg,1244.92,2,3485.78,Delivered
ORD01342,26-11-2024,Sonal Shah,West,Arjun Rao,Furniture,Study Table,19631.34,1,27483.88,Delivered
ORD01080,27-11-2024,Amit Desai,Central,Karan Verma,Clothing,Jeans,2241.53,3,9414.43,Delivered
ORD00991,27-11-2024,Manish Patel,South,Rohan Mehta,Furniture,Bookshelf,23928.33,2,66999.32,Delivered
ORD02282,27-11-2024,Rahul Joshi,Central,Vikram Singh,Electronics,Tablet,2901.39,1,4061.95,Delivered
ORD00285,28-11-2024,Amit Desai,West,Neha Reddy,Sports,Cricket Bat,3338.24,1,4673.54,Cancelled
ORD01809,28-11-2024,Kavya Shah,Central,Rohan Mehta,Groceries,Rice 5kg,192.24,1,269.14,Cancelled
ORD01346,29-11-2024,Amit Rao,West,Divya Menon,Groceries,Cooking Oil 1L,1921.06,1,2689.48,Delivered
ORD00535,29-11-2024,Shreya Desai,South,Arjun Rao,Sports,Cricket Bat,7365.08,2,20622.22,Delivered
ORD01883,30-11-2024,Isha Kumar,North,Neha Reddy,Sports,Dumbbells Set,5487.8,1,7682.92,Delivered
ORD02105,30-11-2024,Ananya Patel,West,Divya Menon,Clothing,Jeans,1459.95,1,2043.93,Pending
ORD00405,30-11-2024,Anita Joshi,Central,Anjali Gupta,Electronics,Laptop,78573.17,1,110002.44,Cancelled
ORD01355,30-11-2024,Vivek Kapoor,North,Karan Verma,Electronics,Laptop,3800.67,1,5320.94,Delivered
ORD01733,01-12-2024,Riya Reddy,South,Karan Verma,Electronics,Smartwatch,71168.26,2,199271.13,Pending
ORD01533,01-12-2024,Pooja Joshi,Central,Rohan Mehta,Sports,Yoga Mat,5176.44,2,14494.03,Cancelled
ORD02067,02-12-2024,Rajesh Nair,North,Priya Nair,Sports,Cricket Bat,3798.23,1,5317.52,Delivered
ORD00310,02-12-2024,Meera Nair,East,Karan Verma,Clothing,Formal Shirt,1265.38,1,1771.53,Delivered
ORD00385,03-12-2024,Sanjay Kumar,East,Divya Menon,Clothing,Jacket,2176.6,1,3047.24,Delivered
ORD01220,03-12-2024,Meera Patel,West,Karan Verma,Groceries,Cooking Oil 1L,2157.96,1,3021.14,Delivered
ORD00882,04-12-2024,Gaurav Rao,South,Arjun Rao,Electronics,Headphones,31886.83,2,89283.12,Pending
ORD00931,04-12-2024,Amit Shah,Central,Vikram Singh,Clothing,Formal Shirt,442.41,5,3096.87,Delivered
ORD00767,04-12-2024,Sanjay Rao,South,Anjali Gupta,Sports,Yoga Mat,1767.44,1,2474.42,Delivered
ORD02100,05-12-2024,Suresh Kumar,Central,Anjali Gupta,Electronics,Smartphone,44410.69,1,62174.97,Delivered
ORD00534,05-12-2024,Gaurav Malhotra,Central,Rohan Mehta,Groceries,Atta 10kg,248.9,1,348.46,Delivered
ORD00808,06-12-2024,Nikhil Reddy,South,Divya Menon,Groceries,Spices Pack,609.47,1,853.26,Delivered
ORD01474,07-12-2024,Sanjay Shah,West,Karan Verma,Furniture,Sofa,24006.05,1,33608.47,Pending
ORD01130,07-12-2024,Rajesh Malhotra,West,Karan Verma,Clothing,Jeans,900.98,1,1261.37,Delivered
ORD02077,07-12-2024,Rahul Desai,South,Priya Nair,Electronics,Smartphone,31253.22,1,43754.51,Pending
ORD00054,07-12-2024,Ananya Reddy,West,Anjali Gupta,Clothing,Jacket,3667.7,1,5134.78,Delivered
ORD02416,07-12-2024,Suresh Desai,North,Vikram Singh,Furniture,Bookshelf,14189.55,1,19865.37,Pending
ORD01490,07-12-2024,Meera Reddy,West,Sneha Iyer,Electronics,Smartphone,50998.24,1,71397.54,Cancelled
ORD00624,08-12-2024,Manish Kapoor,North,Neha Reddy,Clothing,Jacket,3526.81,1,4937.53,Delivered
ORD01749,08-12-2024,Meera Nair,South,Arjun Rao,Electronics,Headphones,29972.63,1,41961.68,Delivered
ORD00797,09-12-2024,Kavya Malhotra,Central,Priya Nair,Clothing,Formal Shirt,509.65,1,713.51,Delivered
ORD01039,09-12-2024,Gaurav Kapoor,East,Anjali Gupta,Groceries,Atta 10kg,153.45,2,429.66,Pending
ORD00438,10-12-2024,Ananya Malhotra,Central,Anjali Gupta,Groceries,Spices Pack,571.41,3,2399.92,Delivered
ORD01723,10-12-2024,Suresh Nair,West,Rohan Mehta,Furniture,Study Table,21261.74,1,29766.44,Cancelled
ORD02481,10-12-2024,Amit Desai,Central,Vikram Singh,Electronics,Smartphone,75143.52,2,210401.86,Delivered
ORD02494,10-12-2024,Sanjay Kumar,West,Karan Verma,Electronics,Smartphone,2321.35,3,9749.67,Pending
ORD00211,10-12-2024,Ananya Malhotra,North,Vikram Singh,Electronics,Headphones,60831.78,1,85164.49,Delivered
ORD01895,10-12-2024,Tarun Nair,North,Neha Reddy,Electronics,Tablet,44741.49,1,62638.09,Delivered
ORD01582,11-12-2024,Pooja Desai,Central,Anjali Gupta,Groceries,Spices Pack,1002.12,1,1402.97,Delivered
ORD00867,11-12-2024,Ananya Rao,Central,Priya Nair,Clothing,Jacket,1328.12,1,1859.37,Cancelled
ORD02462,11-12-2024,Kavya Nair,North,Karan Verma,Electronics,Smartwatch,63330.93,1,88663.3,Pending
ORD01859,11-12-2024,Meera Rao,North,Vikram Singh,Clothing,T-Shirt,2850,1,3990,Pending
ORD00518,13-12-2024,Ananya Reddy,Central,Neha Reddy,Sports,Dumbbells Set,1178.88,3,4951.3,Delivered
ORD02210,14-12-2024,Aditi Rao,Central,Rohan Mehta,Clothing,Jacket,2594.96,1,3632.94,Delivered
ORD01967,14-12-2024,Sonal Joshi,East,Rohan Mehta,Electronics,Tablet,30077,1,42107.8,Delivered
ORD00291,15-12-2024,Meera Kapoor,East,Aarav Sharma,Electronics,Laptop,56200.83,1,78681.16,Cancelled
ORD00036,15-12-2024,Ananya Kumar,South,Divya Menon,Groceries,Atta 10kg,432.05,1,604.87,Delivered
ORD01626,15-12-2024,Sonal Kapoor,East,Vikram Singh,Electronics,Laptop,12735.84,1,17830.18,Delivered
ORD01432,16-12-2024,Riya Nair,South,Arjun Rao,Groceries,Spices Pack,777.35,2,2176.58,Pending
ORD00728,16-12-2024,Rahul Reddy,East,Priya Nair,Electronics,Headphones,30556.82,1,42779.55,Delivered
ORD01978,16-12-2024,Shreya Desai,East,Priya Nair,Clothing,Jacket,2707.21,3,11370.28,Delivered
ORD01300,16-12-2024,Pooja Desai,East,Arjun Rao,Sports,Yoga Mat,2658.85,1,3722.39,Delivered
ORD00869,16-12-2024,Amit Desai,North,Anjali Gupta,Furniture,Sofa,9022.59,2,25263.25,Pending
ORD01094,16-12-2024,Rahul Nair,Central,Vikram Singh,Sports,Football,4742.59,1,6639.63,Pending
ORD00598,17-12-2024,Vivek Rao,North,Karan Verma,Groceries,Cooking Oil 1L,2049.58,1,2869.41,Delivered
ORD01681,17-12-2024,Rajesh Desai,West,Sneha Iyer,Groceries,Spices Pack,2168.84,1,3036.38,Pending
ORD02220,18-12-2024,Gaurav Rao,Central,Neha Reddy,Electronics,Tablet,32362.26,2,90614.33,Delivered
ORD00806,18-12-2024,Pooja Kapoor,North,Aarav Sharma,Sports,Football,966.97,1,1353.76,Cancelled
ORD00672,18-12-2024,Pooja Kapoor,East,Neha Reddy,Furniture,Study Table,14854.31,1,20796.03,Delivered
ORD00141,18-12-2024,Manish Reddy,Central,Divya Menon,Electronics,Laptop,28052.69,1,39273.77,Delivered
ORD02270,19-12-2024,Manish Malhotra,West,Vikram Singh,Sports,Dumbbells Set,5545.06,1,7763.08,Delivered
ORD00399,19-12-2024,Kavya Rao,Central,Aarav Sharma,Furniture,Study Table,15022.12,1,21030.97,Delivered
ORD00302,19-12-2024,Tarun Nair,West,Karan Verma,Electronics,Headphones,15819.33,1,22147.06,Delivered
ORD01222,19-12-2024,Suresh Nair,East,Sneha Iyer,Groceries,Rice 5kg,1042.5,1,1459.5,Delivered
ORD00762,19-12-2024,Kavya Desai,West,Vikram Singh,Electronics,Smartphone,13810.01,2,38668.03,Delivered
ORD00779,19-12-2024,Rahul Patel,West,Aarav Sharma,Sports,Yoga Mat,1909.75,2,5347.3,Delivered
ORD00321,19-12-2024,Vivek Reddy,North,Divya Menon,Clothing,T-Shirt,3095.12,1,4333.17,Pending
ORD02019,19-12-2024,Isha Rao,West,Karan Verma,Groceries,Cooking Oil 1L,689.93,1,965.9,Cancelled
ORD00034,19-12-2024,Shreya Joshi,Central,Anjali Gupta,Electronics,Headphones,38316.65,1,53643.31,Delivered
ORD01608,20-12-2024,Anita Patel,West,Priya Nair,Electronics,Laptop,41122,1,57570.8,Delivered
ORD01258,20-12-2024,Ananya Desai,West,Divya Menon,Sports,Cricket Bat,3364.24,1,4709.94,Delivered
ORD00822,21-12-2024,Sonal Nair,South,Divya Menon,Electronics,Tablet,9686.65,1,13561.31,Delivered
ORD01135,22-12-2024,Tarun Rao,Central,Sneha Iyer,Clothing,T-Shirt,3765.28,2,10542.78,Delivered
ORD01298,22-12-2024,Manish Patel,West,Sneha Iyer,Furniture,Office Chair,13145.56,1,18403.78,Delivered
ORD02114,22-12-2024,Meera Kumar,East,Neha Reddy,Electronics,Headphones,49058.48,2,137363.74,Delivered
ORD00663,23-12-2024,Shreya Joshi,West,Divya Menon,Clothing,Jacket,1880.01,1,2632.01,Pending
ORD00316,23-12-2024,Rahul Kapoor,West,Priya Nair,Electronics,Laptop,41048.69,2,114936.33,Cancelled
ORD00315,23-12-2024,Meera Shah,Central,Priya Nair,Furniture,Bookshelf,4108.46,2,11503.69,Delivered
ORD02104,23-12-2024,Kavya Rao,South,Neha Reddy,Electronics,Headphones,37546.74,5,262827.18,Cancelled
ORD01916,23-12-2024,Rajesh Joshi,East,Karan Verma,Electronics,Smartwatch,70761.39,1,99065.95,Delivered
ORD02129,24-12-2024,Pooja Kumar,Central,Anjali Gupta,Clothing,T-Shirt,2021.01,1,2829.41,Cancelled
ORD00016,24-12-2024,Tarun Rao,East,Divya Menon,Electronics,Headphones,34558.06,1,48381.28,Delivered
ORD02168,25-12-2024,Shreya Malhotra,Central,Sneha Iyer,Electronics,Laptop,79249.97,1,110949.96,Delivered
ORD00072,25-12-2024,Ananya Shah,Central,Priya Nair,Clothing,T-Shirt,3628.44,1,5079.82,Cancelled
ORD00457,25-12-2024,Anita Shah,East,Aarav Sharma,Groceries,Atta 10kg,806.24,1,1128.74,Delivered
ORD01623,25-12-2024,Kavya Joshi,North,Anjali Gupta,Furniture,Sofa,9397.84,1,13156.98,Delivered
ORD02458,26-12-2024,Manish Kapoor,Central,Vikram Singh,Furniture,Sofa,22433.64,1,31407.1,Delivered
ORD00497,26-12-2024,Vivek Malhotra,North,Sneha Iyer,Clothing,Jacket,615.8,1,862.12,Delivered
ORD01865,26-12-2024,Sonal Kumar,West,Sneha Iyer,Clothing,T-Shirt,1039.91,1,1455.87,Cancelled
ORD02120,26-12-2024,Rajesh Joshi,West,Anjali Gupta,Furniture,Office Chair,10706.08,2,29977.02,Delivered
ORD01248,26-12-2024,Sonal Joshi,West,Karan Verma,Electronics,Tablet,25495.61,1,35693.85,Cancelled
ORD00056,26-12-2024,Aditi Reddy,West,Aarav Sharma,Clothing,Jacket,2500.13,3,10500.55,Cancelled
ORD01212,26-12-2024,Sanjay Shah,West,Karan Verma,Electronics,Smartwatch,34316.05,1,48042.47,Delivered
ORD00977,27-12-2024,Meera Shah,West,Divya Menon,Electronics,Tablet,18458.52,1,25841.93,Cancelled
ORD00393,27-12-2024,Kavya Reddy,East,Rohan Mehta,Electronics,Laptop,26851.5,2,75184.2,Delivered
ORD01250,27-12-2024,Suresh Nair,Central,Karan Verma,Furniture,Bookshelf,6321.8,2,17701.04,Delivered
ORD01486,28-12-2024,Nikhil Patel,West,Arjun Rao,Sports,Cricket Bat,1893.15,2,5300.82,Delivered
ORD00117,28-12-2024,Sonal Joshi,Central,Neha Reddy,Electronics,Tablet,49045.86,1,68664.2,Delivered
ORD01442,28-12-2024,Vivek Kumar,East,Aarav Sharma,Groceries,Atta 10kg,1634.62,1,2288.47,Delivered
ORD01945,29-12-2024,Kavya Desai,West,Priya Nair,Groceries,Spices Pack,324.73,1,454.62,Delivered
ORD00403,29-12-2024,Riya Shah,East,Priya Nair,Furniture,Office Chair,13992.07,1,19588.9,Delivered
ORD01066,29-12-2024,Kavya Kumar,East,Neha Reddy,Electronics,Smartphone,66968.67,2,187512.28,Delivered
ORD01077,29-12-2024,Gaurav Nair,South,Vikram Singh,Electronics,Smartwatch,34358.11,2,96202.71,Delivered
ORD01463,30-12-2024,Suresh Joshi,North,Karan Verma,Electronics,Smartphone,9085.38,1,12719.53,Delivered
ORD00690,30-12-2024,Rajesh Desai,West,Anjali Gupta,Electronics,Laptop,67547.16,1,94566.02,Delivered
ORD00418,30-12-2024,Suresh Desai,North,Rohan Mehta,Groceries,Atta 10kg,196.84,1,275.58,Delivered
ORD00894,31-12-2024,Sonal Malhotra,South,Rohan Mehta,Electronics,Laptop,54257.65,1,75960.71,Delivered
ORD01312,31-12-2024,Sanjay Patel,East,Arjun Rao,Groceries,Rice 5kg,325.38,1,455.53,Delivered
ORD01341,31-12-2024,Isha Kapoor,East,Priya Nair,Furniture,Sofa,9020.26,1,12628.36,Delivered
ORD00540,01-01-2025,Anita Malhotra,West,Priya Nair,Electronics,Smartphone,44660.45,1,44660.45,Delivered
ORD01624,01-01-2025,Suresh Malhotra,South,Neha Reddy,Sports,Football,2346.25,1,2346.25,Pending
ORD02261,01-01-2025,Riya Desai,West,Aarav Sharma,Sports,Yoga Mat,4908.48,1,4908.48,Delivered
ORD00997,01-01-2025,Ananya Joshi,East,Neha Reddy,Electronics,Headphones,54431.65,1,54431.65,Delivered
ORD00448,01-01-2025,Meera Malhotra,West,Aarav Sharma,Electronics,Headphones,60791.26,1,60791.26,Delivered
ORD01851,01-01-2025,Anita Desai,South,Karan Verma,Furniture,Bookshelf,10089.93,1,10089.93,Pending
ORD00641,01-01-2025,Isha Reddy,West,Sneha Iyer,Clothing,Jacket,2044.8,1,2044.8,Delivered
ORD02422,02-01-2025,Tarun Shah,West,Sneha Iyer,Electronics,Tablet,78712.47,1,78712.47,Pending
ORD02001,02-01-2025,Ananya Joshi,North,Priya Nair,Electronics,Tablet,27114.68,1,27114.68,Delivered
ORD01557,03-01-2025,Manish Malhotra,North,Karan Verma,Groceries,Spices Pack,240.23,1,240.23,Delivered
ORD02284,04-01-2025,Rahul Joshi,South,Anjali Gupta,Electronics,Tablet,59171.63,1,59171.63,Cancelled
ORD01339,04-01-2025,Isha Rao,West,Sneha Iyer,Clothing,Jeans,3298.04,1,3298.04,Delivered
ORD01118,04-01-2025,Rahul Nair,Central,Priya Nair,Electronics,Headphones,34749.89,1,34749.89,Delivered
ORD00412,05-01-2025,Sanjay Shah,North,Rohan Mehta,Clothing,Jeans,3850.59,1,3850.59,Pending
ORD01660,05-01-2025,Rajesh Shah,North,Rohan Mehta,Sports,Football,7126.99,2,14253.98,Delivered
ORD01996,05-01-2025,Rajesh Rao,Central,Neha Reddy,Groceries,Cooking Oil 1L,1881.89,1,1881.89,Delivered
ORD00475,05-01-2025,Vivek Patel,South,Anjali Gupta,Furniture,Office Chair,16300.79,1,16300.79,Cancelled
ORD00167,05-01-2025,Isha Kapoor,Central,Aarav Sharma,Electronics,Tablet,18431.65,1,18431.65,Delivered
ORD00726,06-01-2025,Vivek Malhotra,Central,Aarav Sharma,Sports,Yoga Mat,2190,2,4380,Delivered
ORD02432,06-01-2025,Kavya Rao,East,Vikram Singh,Clothing,Jacket,1547.33,1,1547.33,Delivered
ORD00677,07-01-2025,Aditi Reddy,South,Priya Nair,Sports,Yoga Mat,2553.44,1,2553.44,Pending
ORD00017,08-01-2025,Tarun Nair,South,Sneha Iyer,Electronics,Laptop,33499.22,1,33499.22,Delivered
ORD00123,08-01-2025,Riya Kapoor,East,Divya Menon,Groceries,Spices Pack,699.2,1,699.2,Delivered
ORD01052,08-01-2025,Tarun Malhotra,South,Neha Reddy,Furniture,Sofa,11331.53,2,22663.06,Pending
ORD01683,08-01-2025,Pooja Kumar,East,Priya Nair,Sports,Yoga Mat,3501.79,1,3501.79,Delivered
ORD01155,08-01-2025,Vivek Desai,West,Arjun Rao,Electronics,Smartphone,57708.8,1,57708.8,Pending
ORD01781,08-01-2025,Suresh Desai,East,Karan Verma,Groceries,Atta 10kg,965.94,2,1931.88,Delivered
ORD02257,09-01-2025,Ananya Kumar,West,Anjali Gupta,Clothing,Jeans,3717.5,1,3717.5,Delivered
ORD00177,09-01-2025,Anita Patel,Central,Anjali Gupta,Electronics,Tablet,9324.26,1,9324.26,Delivered
ORD01503,09-01-2025,Shreya Rao,South,Priya Nair,Clothing,T-Shirt,1737.1,1,1737.1,Pending
ORD02141,09-01-2025,Ananya Malhotra,Central,Divya Menon,Groceries,Rice 5kg,2371.92,1,2371.92,Cancelled
ORD00369,09-01-2025,Aditi Kumar,West,Neha Reddy,Groceries,Spices Pack,2456.57,1,2456.57,Delivered
ORD00901,09-01-2025,Rahul Kumar,East,Karan Verma,Sports,Dumbbells Set,2376.18,1,2376.18,Pending
ORD00870,09-01-2025,Nikhil Nair,North,Divya Menon,Groceries,Spices Pack,850.58,1,850.58,Delivered
ORD01176,09-01-2025,Kavya Desai,South,Arjun Rao,Electronics,Laptop,68320.86,2,136641.72,Pending
ORD01513,09-01-2025,Ananya Reddy,West,Priya Nair,Sports,Yoga Mat,2245.63,1,2245.63,Delivered
ORD01174,10-01-2025,Rahul Nair,Central,Anjali Gupta,Electronics,Smartwatch,3495.49,2,6990.98,Cancelled
ORD01593,10-01-2025,Gaurav Rao,North,Divya Menon,Electronics,Smartphone,70392.98,2,140785.96,Delivered
ORD00957,11-01-2025,Aditi Nair,Central,Priya Nair,Furniture,Sofa,3929.78,1,3929.78,Cancelled
ORD02048,11-01-2025,Isha Desai,West,Arjun Rao,Electronics,Laptop,24645.01,1,24645.01,Delivered
ORD02387,11-01-2025,Aditi Patel,North,Karan Verma,Clothing,T-Shirt,1837.26,1,1837.26,Delivered
ORD00081,11-01-2025,Riya Nair,West,Neha Reddy,Electronics,Tablet,13923.01,1,13923.01,Delivered
ORD01869,13-01-2025,Gaurav Kumar,West,Arjun Rao,Sports,Yoga Mat,1500.12,1,1500.12,Delivered
ORD00382,13-01-2025,Riya Kapoor,East,Arjun Rao,Clothing,Jeans,3986.54,1,3986.54,Delivered
ORD02241,13-01-2025,Kavya Kumar,North,Karan Verma,Electronics,Smartphone,69270.18,1,69270.18,Delivered
ORD00838,13-01-2025,Nikhil Patel,North,Priya Nair,Clothing,Jacket,3884.88,2,7769.76,Delivered
ORD01178,13-01-2025,Nikhil Shah,South,Vikram Singh,Sports,Dumbbells Set,1518.45,1,1518.45,Cancelled
ORD00132,14-01-2025,Kavya Joshi,Central,Priya Nair,Furniture,Bookshelf,22278.68,1,22278.68,Delivered
ORD00043,14-01-2025,Aditi Rao,East,Aarav Sharma,Electronics,Tablet,44558.11,3,133674.33,Delivered
ORD01704,14-01-2025,Aditi Reddy,South,Rohan Mehta,Groceries,Atta 10kg,2312.43,1,2312.43,Cancelled
ORD02223,14-01-2025,Ananya Patel,East,Priya Nair,Furniture,Sofa,6040.2,1,6040.2,Delivered
ORD01694,14-01-2025,Riya Kumar,North,Vikram Singh,Electronics,Headphones,4709.89,1,4709.89,Pending
ORD01841,14-01-2025,Aditi Malhotra,North,Vikram Singh,Electronics,Laptop,57433.65,2,114867.3,Pending
ORD02030,14-01-2025,Riya Nair,Central,Priya Nair,Clothing,Jeans,2296.21,2,4592.42,Delivered
ORD02153,15-01-2025,Rahul Kapoor,South,Anjali Gupta,Electronics,Headphones,44600.06,1,44600.06,Cancelled
ORD00872,15-01-2025,Aditi Reddy,East,Divya Menon,Groceries,Atta 10kg,1954.91,1,1954.91,Delivered
ORD02216,15-01-2025,Shreya Kapoor,Central,Sneha Iyer,Sports,Cricket Bat,4591.04,1,4591.04,Delivered
ORD02202,15-01-2025,Anita Joshi,North,Neha Reddy,Groceries,Atta 10kg,170.36,1,170.36,Pending
ORD00876,16-01-2025,Ananya Malhotra,South,Priya Nair,Groceries,Spices Pack,790.52,2,1581.04,Delivered
ORD01356,16-01-2025,Shreya Reddy,North,Vikram Singh,Groceries,Atta 10kg,706.15,1,706.15,Cancelled
ORD01126,16-01-2025,Meera Shah,North,Aarav Sharma,Sports,Yoga Mat,4789.24,2,9578.48,Delivered
ORD02482,17-01-2025,Suresh Rao,West,Sneha Iyer,Clothing,Formal Shirt,3702.27,1,3702.27,Delivered
ORD01715,17-01-2025,Tarun Reddy,South,Neha Reddy,Furniture,Bookshelf,23018.75,1,23018.75,Delivered
ORD01629,18-01-2025,Gaurav Kapoor,North,Vikram Singh,Groceries,Cooking Oil 1L,877.24,1,877.24,Cancelled
ORD00905,18-01-2025,Sonal Shah,West,Karan Verma,Clothing,Jacket,488.91,2,977.82,Delivered
ORD02256,19-01-2025,Manish Shah,East,Divya Menon,Clothing,T-Shirt,441.48,1,441.48,Cancelled
ORD00190,19-01-2025,Riya Kapoor,Central,Anjali Gupta,Furniture,Office Chair,16379.06,3,49137.18,Delivered
ORD02126,19-01-2025,Gaurav Desai,West,Vikram Singh,Electronics,Headphones,23037.93,2,46075.86,Delivered
ORD01799,19-01-2025,Nikhil Nair,East,Neha Reddy,Sports,Football,623.02,1,623.02,Delivered
ORD02165,20-01-2025,Rahul Patel,Central,Karan Verma,Electronics,Smartwatch,68864.71,1,68864.71,Delivered
ORD02134,20-01-2025,Shreya Shah,North,Priya Nair,Sports,Dumbbells Set,1444.9,1,1444.9,Delivered
ORD00651,21-01-2025,Meera Nair,Central,Anjali Gupta,Clothing,Jacket,697.26,1,697.26,Delivered
ORD00018,21-01-2025,Pooja Kumar,South,Priya Nair,Furniture,Office Chair,24946.9,1,24946.9,Delivered
ORD00685,21-01-2025,Tarun Kapoor,South,Anjali Gupta,Groceries,Cooking Oil 1L,2060.54,2,4121.08,Cancelled
ORD01729,21-01-2025,Manish Rao,West,Karan Verma,Groceries,Atta 10kg,365.2,2,730.4,Pending
ORD00922,21-01-2025,Anita Reddy,Central,Rohan Mehta,Clothing,Jeans,2371.42,1,2371.42,Delivered
ORD00737,21-01-2025,Vivek Joshi,North,Neha Reddy,Groceries,Spices Pack,1304.49,1,1304.49,Delivered
ORD00375,21-01-2025,Sonal Nair,South,Anjali Gupta,Electronics,Laptop,59732.59,1,59732.59,Delivered
ORD01362,21-01-2025,Manish Shah,South,Aarav Sharma,Electronics,Smartphone,53150.63,1,53150.63,Cancelled
ORD02453,22-01-2025,Shreya Reddy,East,Vikram Singh,Clothing,Jacket,2787.81,1,2787.81,Delivered
ORD01403,23-01-2025,Isha Patel,East,Vikram Singh,Electronics,Headphones,51379.35,1,51379.35,Cancelled
ORD00692,23-01-2025,Riya Desai,South,Arjun Rao,Sports,Football,3014.1,1,3014.1,Delivered
ORD01659,23-01-2025,Sanjay Patel,South,Divya Menon,Sports,Yoga Mat,6459.59,2,12919.18,Delivered
ORD02158,23-01-2025,Gaurav Kumar,North,Anjali Gupta,Electronics,Smartwatch,14736.75,3,44210.25,Delivered
ORD01175,23-01-2025,Shreya Rao,South,Neha Reddy,Clothing,Formal Shirt,2176.63,1,2176.63,Cancelled
ORD00575,24-01-2025,Pooja Rao,East,Arjun Rao,Furniture,Office Chair,11728.66,2,23457.32,Delivered
ORD01365,24-01-2025,Rahul Kapoor,West,Karan Verma,Furniture,Study Table,8271.51,1,8271.51,Delivered
ORD01589,24-01-2025,Suresh Nair,South,Rohan Mehta,Electronics,Tablet,4742.54,1,4742.54,Pending
ORD01277,24-01-2025,Suresh Nair,North,Anjali Gupta,Electronics,Headphones,48880.02,1,48880.02,Delivered
ORD00222,25-01-2025,Anita Kumar,South,Anjali Gupta,Clothing,Jacket,1026.79,1,1026.79,Delivered
ORD01858,26-01-2025,Sanjay Malhotra,South,Karan Verma,Sports,Cricket Bat,570.93,1,570.93,Delivered
ORD00010,26-01-2025,Kavya Malhotra,South,Arjun Rao,Clothing,T-Shirt,2581.46,2,5162.92,Delivered
ORD00157,26-01-2025,Suresh Kumar,North,Anjali Gupta,Clothing,Jacket,777.75,1,777.75,Delivered
ORD01181,26-01-2025,Kavya Kapoor,South,Divya Menon,Sports,Dumbbells Set,2031.63,1,2031.63,Delivered
ORD01931,26-01-2025,Sonal Shah,West,Sneha Iyer,Furniture,Study Table,5098.98,5,25494.9,Pending
ORD00616,26-01-2025,Amit Kapoor,North,Priya Nair,Furniture,Sofa,16149.42,1,16149.42,Delivered
ORD01667,26-01-2025,Isha Patel,Central,Karan Verma,Groceries,Rice 5kg,577.48,2,1154.96,Delivered
ORD00730,27-01-2025,Tarun Joshi,South,Anjali Gupta,Groceries,Rice 5kg,2046.24,1,2046.24,Delivered
ORD02397,28-01-2025,Meera Kapoor,East,Neha Reddy,Sports,Dumbbells Set,4623.83,1,4623.83,Delivered
ORD01488,28-01-2025,Shreya Rao,Central,Arjun Rao,Groceries,Cooking Oil 1L,520.42,1,520.42,Delivered
ORD00724,28-01-2025,Ananya Kapoor,North,Priya Nair,Clothing,Jacket,582.89,1,582.89,Delivered
ORD00791,28-01-2025,Manish Nair,East,Aarav Sharma,Groceries,Spices Pack,232.86,1,232.86,Delivered
ORD02365,29-01-2025,Anita Joshi,West,Aarav Sharma,Sports,Yoga Mat,4913.82,1,4913.82,Delivered
ORD02032,29-01-2025,Sonal Rao,South,Neha Reddy,Electronics,Smartphone,41758.37,2,83516.74,Pending
ORD00306,29-01-2025,Shreya Shah,South,Anjali Gupta,Groceries,Rice 5kg,2006.11,1,2006.11,Delivered
ORD02200,29-01-2025,Shreya Shah,East,Aarav Sharma,Electronics,Headphones,10945.8,1,10945.8,Delivered
ORD00675,29-01-2025,Anita Kumar,West,Arjun Rao,Electronics,Headphones,50446.29,1,50446.29,Cancelled
ORD00888,29-01-2025,Meera Malhotra,South,Karan Verma,Furniture,Study Table,7469.73,5,37348.65,Delivered
ORD00915,30-01-2025,Gaurav Malhotra,Central,Anjali Gupta,Clothing,Jeans,2913.43,1,2913.43,Pending
ORD01211,30-01-2025,Riya Kapoor,West,Divya Menon,Electronics,Smartphone,64536.3,2,129072.6,Delivered
ORD01272,30-01-2025,Anita Shah,North,Karan Verma,Electronics,Headphones,57225.86,1,57225.86,Pending
ORD01972,30-01-2025,Vivek Reddy,Central,Karan Verma,Electronics,Tablet,79276.55,2,158553.1,Cancelled
ORD00218,31-01-2025,Nikhil Patel,South,Aarav Sharma,Electronics,Laptop,53377.99,3,160133.97,Delivered
ORD00049,31-01-2025,Kavya Joshi,East,Arjun Rao,Sports,Cricket Bat,711.84,3,2135.52,Delivered
ORD00891,31-01-2025,Pooja Malhotra,Central,Aarav Sharma,Clothing,Jacket,2772.52,1,2772.52,Pending
ORD00615,31-01-2025,Rahul Kumar,Central,Rohan Mehta,Clothing,T-Shirt,2621.9,3,7865.7,Delivered
ORD02009,31-01-2025,Nikhil Joshi,East,Neha Reddy,Furniture,Study Table,15596.9,1,15596.9,Delivered
ORD02239,31-01-2025,Rahul Kumar,Central,Anjali Gupta,Furniture,Sofa,15427.93,1,15427.93,Delivered
ORD00228,31-01-2025,Meera Patel,East,Arjun Rao,Electronics,Smartwatch,6200.94,1,6200.94,Delivered
ORD00742,01-02-2025,Rajesh Kumar,Central,Priya Nair,Groceries,Cooking Oil 1L,2135.69,1,2135.69,Delivered
ORD01473,01-02-2025,Isha Patel,Central,Anjali Gupta,Furniture,Sofa,15057.67,2,30115.34,Delivered
ORD00331,01-02-2025,Suresh Rao,West,Anjali Gupta,Furniture,Office Chair,18800.71,1,18800.71,Cancelled
ORD01675,01-02-2025,Rajesh Kapoor,West,Anjali Gupta,Sports,Cricket Bat,992.89,1,992.89,Delivered
ORD01531,01-02-2025,Rahul Reddy,West,Karan Verma,Clothing,Formal Shirt,2984.73,1,2984.73,Pending
ORD01053,02-02-2025,Aditi Patel,Central,Karan Verma,Electronics,Laptop,14075.63,1,14075.63,Delivered
ORD00436,02-02-2025,Vivek Malhotra,West,Divya Menon,Electronics,Tablet,79177.19,2,158354.38,Delivered
ORD01471,02-02-2025,Ananya Kumar,West,Karan Verma,Electronics,Laptop,11933.2,2,23866.4,Pending
ORD00471,02-02-2025,Suresh Joshi,East,Rohan Mehta,Groceries,Atta 10kg,205.7,1,205.7,Delivered
ORD02099,03-02-2025,Sonal Malhotra,East,Priya Nair,Electronics,Smartphone,60184.46,1,60184.46,Delivered
ORD02075,03-02-2025,Nikhil Patel,South,Aarav Sharma,Electronics,Headphones,53603.4,1,53603.4,Delivered
ORD01244,04-02-2025,Gaurav Reddy,West,Rohan Mehta,Electronics,Headphones,45175.41,1,45175.41,Delivered
ORD00027,04-02-2025,Amit Patel,Central,Rohan Mehta,Furniture,Bookshelf,3701.36,1,3701.36,Cancelled
ORD01634,04-02-2025,Nikhil Reddy,Central,Arjun Rao,Electronics,Tablet,60021.49,2,120042.98,Cancelled
ORD02182,04-02-2025,Aditi Kumar,Central,Arjun Rao,Clothing,Jacket,1325.51,1,1325.51,Delivered
ORD00020,04-02-2025,Riya Reddy,East,Aarav Sharma,Clothing,Formal Shirt,2093.08,5,10465.4,Cancelled
ORD01658,06-02-2025,Nikhil Desai,West,Arjun Rao,Electronics,Headphones,8490.98,2,16981.96,Pending
ORD00765,06-02-2025,Suresh Malhotra,Central,Divya Menon,Clothing,Formal Shirt,1894.56,1,1894.56,Delivered
ORD00019,06-02-2025,Sonal Rao,West,Vikram Singh,Clothing,T-Shirt,2162.03,5,10810.15,Delivered
ORD01637,07-02-2025,Pooja Patel,East,Divya Menon,Electronics,Smartphone,70065.66,1,70065.66,Delivered
ORD01758,07-02-2025,Vivek Patel,South,Sneha Iyer,Sports,Yoga Mat,7577.11,5,37885.55,Delivered
ORD00467,08-02-2025,Meera Kumar,North,Aarav Sharma,Clothing,Jeans,2118.46,1,2118.46,Pending
ORD02452,08-02-2025,Suresh Reddy,West,Anjali Gupta,Electronics,Laptop,5651.49,1,5651.49,Delivered
ORD02064,08-02-2025,Anita Joshi,West,Divya Menon,Electronics,Smartwatch,4444.32,1,4444.32,Pending
ORD02446,08-02-2025,Shreya Kumar,North,Karan Verma,Groceries,Spices Pack,1157.12,2,2314.24,Delivered
ORD01380,08-02-2025,Shreya Shah,East,Neha Reddy,Electronics,Headphones,71872.31,1,71872.31,Delivered
ORD01800,09-02-2025,Tarun Shah,East,Vikram Singh,Clothing,Jacket,3232.63,3,9697.89,Cancelled
ORD02074,09-02-2025,Sonal Patel,Central,Sneha Iyer,Groceries,Atta 10kg,249.34,2,498.68,Cancelled
ORD01604,10-02-2025,Rahul Malhotra,Central,Neha Reddy,Electronics,Smartwatch,15247.48,1,15247.48,Cancelled
ORD02485,10-02-2025,Gaurav Desai,South,Sneha Iyer,Furniture,Bookshelf,17044.68,1,17044.68,Delivered
ORD02480,10-02-2025,Meera Joshi,East,Sneha Iyer,Sports,Football,2468.6,1,2468.6,Delivered
ORD01237,10-02-2025,Isha Patel,North,Rohan Mehta,Furniture,Study Table,12838.88,1,12838.88,Delivered
ORD00099,10-02-2025,Ananya Rao,North,Aarav Sharma,Electronics,Tablet,78817.61,2,157635.22,Cancelled
ORD00320,11-02-2025,Rajesh Patel,South,Vikram Singh,Electronics,Smartwatch,13144.32,2,26288.64,Delivered
ORD00245,11-02-2025,Nikhil Malhotra,South,Anjali Gupta,Electronics,Smartwatch,23506.15,1,23506.15,Cancelled
ORD00033,11-02-2025,Amit Shah,West,Aarav Sharma,Sports,Football,339.92,1,339.92,Delivered
ORD00632,12-02-2025,Tarun Desai,West,Arjun Rao,Electronics,Smartphone,65699.11,2,131398.22,Pending
ORD00084,13-02-2025,Rajesh Reddy,West,Aarav Sharma,Furniture,Sofa,6188.41,2,12376.82,Cancelled
ORD01313,13-02-2025,Aditi Kapoor,South,Divya Menon,Electronics,Laptop,17242.96,1,17242.96,Cancelled
ORD01170,13-02-2025,Rahul Kumar,North,Vikram Singh,Sports,Dumbbells Set,4069.82,1,4069.82,Delivered
ORD00162,13-02-2025,Tarun Nair,East,Priya Nair,Groceries,Atta 10kg,1363.37,2,2726.74,Delivered
ORD00807,14-02-2025,Gaurav Kumar,North,Rohan Mehta,Furniture,Study Table,8589.06,1,8589.06,Delivered
ORD00926,14-02-2025,Kavya Kumar,East,Karan Verma,Groceries,Cooking Oil 1L,1476.71,2,2953.42,Cancelled
ORD00339,15-02-2025,Anita Malhotra,West,Arjun Rao,Groceries,Rice 5kg,928.46,2,1856.92,Pending
ORD00374,15-02-2025,Tarun Nair,North,Aarav Sharma,Furniture,Office Chair,5960.66,1,5960.66,Delivered
ORD01311,15-02-2025,Kavya Desai,North,Aarav Sharma,Electronics,Smartwatch,16380.72,1,16380.72,Delivered
ORD00917,15-02-2025,Pooja Rao,North,Neha Reddy,Electronics,Tablet,33484.44,1,33484.44,Delivered
ORD02388,15-02-2025,Shreya Kapoor,South,Vikram Singh,Furniture,Office Chair,14282.34,2,28564.68,Delivered
ORD00970,16-02-2025,Tarun Reddy,North,Vikram Singh,Furniture,Office Chair,4173.41,1,4173.41,Delivered
ORD01109,16-02-2025,Anita Kumar,South,Vikram Singh,Furniture,Study Table,17012.79,2,34025.58,Delivered
ORD00584,16-02-2025,Shreya Reddy,South,Vikram Singh,Clothing,Jeans,784.48,3,2353.44,Pending
ORD00942,16-02-2025,Riya Shah,East,Aarav Sharma,Electronics,Laptop,13038.65,2,26077.3,Cancelled
ORD02102,17-02-2025,Pooja Reddy,North,Divya Menon,Furniture,Bookshelf,24723.81,3,74171.43,Delivered
ORD00377,17-02-2025,Aditi Reddy,South,Arjun Rao,Groceries,Cooking Oil 1L,2416.04,1,2416.04,Delivered
ORD02050,17-02-2025,Gaurav Reddy,East,Aarav Sharma,Sports,Football,3806.26,1,3806.26,Delivered
ORD02106,17-02-2025,Pooja Nair,East,Rohan Mehta,Sports,Football,1627.9,1,1627.9,Delivered
ORD01731,18-02-2025,Kavya Kapoor,West,Neha Reddy,Furniture,Office Chair,13613.9,1,13613.9,Delivered
ORD02492,18-02-2025,Aditi Desai,East,Priya Nair,Sports,Yoga Mat,6194.03,1,6194.03,Cancelled
ORD00220,19-02-2025,Sonal Kumar,North,Vikram Singh,Sports,Yoga Mat,5537.75,1,5537.75,Cancelled
ORD00820,19-02-2025,Nikhil Patel,Central,Divya Menon,Groceries,Spices Pack,1826.99,1,1826.99,Delivered
ORD02392,19-02-2025,Rajesh Rao,North,Priya Nair,Furniture,Bookshelf,10556.97,1,10556.97,Delivered
ORD00450,19-02-2025,Pooja Shah,South,Anjali Gupta,Groceries,Rice 5kg,1457.88,2,2915.76,Pending
ORD02337,19-02-2025,Rajesh Desai,Central,Karan Verma,Clothing,Formal Shirt,893.24,1,893.24,Pending
ORD00630,19-02-2025,Pooja Nair,East,Divya Menon,Electronics,Smartwatch,61003.18,1,61003.18,Cancelled
ORD01793,20-02-2025,Sanjay Nair,North,Arjun Rao,Electronics,Laptop,23580.26,1,23580.26,Cancelled
ORD00923,20-02-2025,Riya Malhotra,South,Karan Verma,Clothing,Formal Shirt,531.87,1,531.87,Delivered
ORD00912,20-02-2025,Pooja Desai,West,Karan Verma,Furniture,Sofa,21295.73,2,42591.46,Delivered
ORD02381,21-02-2025,Isha Desai,North,Priya Nair,Electronics,Tablet,75114.29,3,225342.87,Delivered
ORD01829,21-02-2025,Meera Rao,Central,Arjun Rao,Clothing,T-Shirt,3210.78,1,3210.78,Pending
ORD00665,21-02-2025,Nikhil Shah,East,Rohan Mehta,Clothing,Jeans,3333.26,1,3333.26,Delivered
ORD01706,21-02-2025,Tarun Reddy,Central,Karan Verma,Electronics,Smartphone,50834.03,1,50834.03,Pending
ORD00296,22-02-2025,Pooja Rao,North,Anjali Gupta,Furniture,Sofa,20105.43,1,20105.43,Delivered
ORD02095,22-02-2025,Meera Joshi,South,Divya Menon,Clothing,Formal Shirt,1974.2,1,1974.2,Cancelled
ORD01034,22-02-2025,Rajesh Desai,North,Anjali Gupta,Clothing,Formal Shirt,1587.91,3,4763.73,Pending
ORD01760,22-02-2025,Sonal Kumar,East,Arjun Rao,Sports,Dumbbells Set,3716.57,1,3716.57,Delivered
ORD00087,22-02-2025,Sonal Malhotra,South,Karan Verma,Furniture,Office Chair,21492.1,2,42984.2,Delivered
ORD02288,23-02-2025,Meera Shah,North,Anjali Gupta,Groceries,Rice 5kg,983.27,1,983.27,Cancelled
ORD01198,23-02-2025,Meera Patel,North,Sneha Iyer,Groceries,Spices Pack,1305.12,1,1305.12,Cancelled
ORD00188,23-02-2025,Tarun Kapoor,North,Vikram Singh,Clothing,Jeans,1381.45,1,1381.45,Cancelled
ORD01425,23-02-2025,Manish Patel,South,Aarav Sharma,Clothing,Jeans,816,1,816,Delivered
ORD02040,23-02-2025,Suresh Joshi,South,Rohan Mehta,Electronics,Laptop,19808.21,1,19808.21,Pending
ORD00093,23-02-2025,Rahul Kapoor,North,Sneha Iyer,Sports,Cricket Bat,2700.26,1,2700.26,Cancelled
ORD01023,24-02-2025,Ananya Kumar,North,Vikram Singh,Groceries,Cooking Oil 1L,1661.93,3,4985.79,Cancelled
ORD00230,24-02-2025,Tarun Malhotra,Central,Vikram Singh,Groceries,Spices Pack,1568.66,1,1568.66,Cancelled
ORD01640,24-02-2025,Meera Joshi,East,Aarav Sharma,Furniture,Study Table,5276.82,2,10553.64,Delivered
ORD00025,25-02-2025,Vivek Patel,East,Arjun Rao,Clothing,Jeans,433.11,1,433.11,Delivered
ORD01633,25-02-2025,Ananya Rao,Central,Vikram Singh,Groceries,Rice 5kg,1663.79,2,3327.58,Delivered
ORD01251,25-02-2025,Pooja Joshi,Central,Anjali Gupta,Clothing,Jacket,2453.39,2,4906.78,Delivered
ORD01279,26-02-2025,Rahul Rao,East,Anjali Gupta,Furniture,Bookshelf,9594.06,1,9594.06,Pending
ORD00733,26-02-2025,Rahul Rao,East,Vikram Singh,Groceries,Rice 5kg,2458.86,1,2458.86,Delivered
ORD01649,26-02-2025,Suresh Kumar,East,Neha Reddy,Groceries,Rice 5kg,1109.64,2,2219.28,Delivered
ORD00476,26-02-2025,Sanjay Kapoor,South,Sneha Iyer,Clothing,Jacket,3616.94,1,3616.94,Delivered
ORD01025,26-02-2025,Tarun Malhotra,West,Aarav Sharma,Furniture,Study Table,9113.51,1,9113.51,Delivered
ORD01464,27-02-2025,Rahul Shah,Central,Rohan Mehta,Electronics,Smartwatch,12618.64,1,12618.64,Delivered
ORD00477,27-02-2025,Nikhil Kumar,East,Rohan Mehta,Groceries,Rice 5kg,840.32,1,840.32,Delivered
ORD00655,27-02-2025,Manish Shah,Central,Arjun Rao,Electronics,Laptop,68558.74,1,68558.74,Pending
ORD02475,28-02-2025,Kavya Patel,North,Karan Verma,Groceries,Rice 5kg,1800.62,1,1800.62,Pending
ORD01783,28-02-2025,Pooja Joshi,South,Rohan Mehta,Sports,Yoga Mat,4906.09,1,4906.09,Pending
ORD00956,28-02-2025,Tarun Shah,West,Priya Nair,Clothing,Jacket,815.08,1,815.08,Delivered
ORD00830,01-03-2025,Aditi Joshi,North,Vikram Singh,Electronics,Smartphone,47875.21,1,47875.21,Delivered
ORD00248,01-03-2025,Vivek Desai,South,Karan Verma,Clothing,Formal Shirt,1336.57,2,2673.14,Delivered
ORD01150,01-03-2025,Shreya Desai,South,Aarav Sharma,Electronics,Headphones,45671.66,1,45671.66,Delivered
ORD02473,02-03-2025,Vivek Nair,North,Divya Menon,Electronics,Smartphone,79124.21,1,79124.21,Delivered
ORD01846,02-03-2025,Manish Rao,East,Rohan Mehta,Groceries,Atta 10kg,1612.68,1,1612.68,Delivered
ORD00513,02-03-2025,Amit Rao,North,Rohan Mehta,Electronics,Smartwatch,26006.13,1,26006.13,Delivered
ORD00437,03-03-2025,Kavya Joshi,South,Vikram Singh,Clothing,Formal Shirt,1701.05,2,3402.1,Delivered
ORD01310,04-03-2025,Rajesh Nair,South,Priya Nair,Clothing,Formal Shirt,3970.82,1,3970.82,Cancelled
ORD01233,04-03-2025,Kavya Joshi,East,Vikram Singh,Clothing,Jeans,712.29,1,712.29,Delivered
ORD00731,04-03-2025,Tarun Patel,West,Vikram Singh,Clothing,Jacket,714.7,3,2144.1,Pending
ORD01949,05-03-2025,Riya Kapoor,South,Priya Nair,Groceries,Atta 10kg,1511.14,1,1511.14,Delivered
ORD01177,06-03-2025,Rajesh Reddy,East,Rohan Mehta,Groceries,Rice 5kg,1879.85,1,1879.85,Delivered
ORD00582,06-03-2025,Sanjay Rao,West,Neha Reddy,Furniture,Sofa,4364.17,1,4364.17,Delivered
ORD00100,06-03-2025,Isha Joshi,South,Arjun Rao,Electronics,Laptop,18035.23,2,36070.46,Delivered
ORD01518,07-03-2025,Kavya Rao,South,Arjun Rao,Electronics,Smartphone,76937.55,1,76937.55,Delivered
ORD01284,07-03-2025,Shreya Rao,East,Karan Verma,Furniture,Sofa,19071.9,1,19071.9,Delivered
ORD02312,07-03-2025,Meera Malhotra,Central,Vikram Singh,Sports,Yoga Mat,2186.57,2,4373.14,Delivered
ORD00131,07-03-2025,Pooja Desai,West,Divya Menon,Electronics,Laptop,10538.47,1,10538.47,Delivered
ORD00547,07-03-2025,Amit Kumar,North,Karan Verma,Groceries,Cooking Oil 1L,893.35,2,1786.7,Delivered
ORD00357,08-03-2025,Sanjay Desai,Central,Arjun Rao,Groceries,Spices Pack,796.07,3,2388.21,Delivered
ORD00810,09-03-2025,Gaurav Reddy,East,Neha Reddy,Clothing,Formal Shirt,2524.61,1,2524.61,Cancelled
ORD00425,09-03-2025,Isha Rao,West,Anjali Gupta,Clothing,Jacket,1017.16,1,1017.16,Delivered
ORD01785,09-03-2025,Nikhil Kapoor,North,Neha Reddy,Furniture,Study Table,14033.18,1,14033.18,Delivered
ORD01163,09-03-2025,Shreya Kumar,Central,Priya Nair,Electronics,Headphones,14504.11,1,14504.11,Cancelled
ORD02057,09-03-2025,Kavya Shah,South,Priya Nair,Furniture,Sofa,22522.11,1,22522.11,Delivered
ORD02008,10-03-2025,Riya Desai,North,Karan Verma,Furniture,Study Table,6342.65,1,6342.65,Delivered
ORD00221,10-03-2025,Sonal Joshi,South,Sneha Iyer,Electronics,Laptop,76607.11,2,153214.22,Delivered
ORD00652,11-03-2025,Meera Kumar,East,Karan Verma,Electronics,Smartphone,25651.14,3,76953.42,Delivered
ORD02491,11-03-2025,Riya Kumar,Central,Sneha Iyer,Groceries,Cooking Oil 1L,2256.81,1,2256.81,Cancelled
ORD00065,12-03-2025,Rajesh Malhotra,North,Karan Verma,Groceries,Rice 5kg,2367.44,2,4734.88,Pending
ORD00414,12-03-2025,Pooja Joshi,West,Divya Menon,Clothing,Formal Shirt,2061.48,5,10307.4,Delivered
ORD02049,13-03-2025,Rajesh Patel,South,Neha Reddy,Groceries,Cooking Oil 1L,2309.84,3,6929.52,Delivered
ORD00465,13-03-2025,Anita Patel,Central,Neha Reddy,Furniture,Study Table,7602.26,3,22806.78,Delivered
ORD00278,13-03-2025,Amit Desai,West,Anjali Gupta,Furniture,Sofa,4731.81,1,4731.81,Delivered
ORD00978,13-03-2025,Vivek Malhotra,West,Priya Nair,Clothing,Jacket,2757.19,1,2757.19,Delivered
ORD00952,13-03-2025,Nikhil Shah,East,Vikram Singh,Clothing,T-Shirt,1474.77,2,2949.54,Cancelled
ORD00435,14-03-2025,Tarun Rao,South,Rohan Mehta,Electronics,Smartphone,37757.65,2,75515.3,Delivered
ORD02058,15-03-2025,Sonal Patel,North,Vikram Singh,Furniture,Bookshelf,10907.31,1,10907.31,Delivered
ORD00295,15-03-2025,Nikhil Patel,West,Rohan Mehta,Electronics,Smartwatch,5492.72,2,10985.44,Delivered
ORD00512,15-03-2025,Nikhil Reddy,East,Divya Menon,Electronics,Headphones,47675.84,1,47675.84,Delivered
ORD02031,16-03-2025,Rahul Shah,North,Anjali Gupta,Clothing,Jacket,3808.44,1,3808.44,Cancelled
ORD01215,16-03-2025,Gaurav Joshi,North,Arjun Rao,Groceries,Atta 10kg,1489.45,1,1489.45,Delivered
ORD00708,16-03-2025,Meera Kapoor,South,Anjali Gupta,Electronics,Headphones,52877.93,1,52877.93,Delivered
ORD00890,17-03-2025,Shreya Desai,South,Priya Nair,Sports,Football,1435.39,1,1435.39,Delivered
ORD00114,17-03-2025,Nikhil Joshi,South,Karan Verma,Sports,Football,2396.77,1,2396.77,Delivered
ORD00671,17-03-2025,Meera Rao,North,Arjun Rao,Sports,Cricket Bat,5635.49,5,28177.45,Delivered
ORD01639,17-03-2025,Rahul Reddy,North,Aarav Sharma,Electronics,Laptop,50298.22,1,50298.22,Cancelled
ORD01968,17-03-2025,Nikhil Patel,North,Rohan Mehta,Groceries,Spices Pack,2261.42,1,2261.42,Delivered
ORD00886,17-03-2025,Pooja Reddy,West,Priya Nair,Clothing,Jeans,3349.94,2,6699.88,Pending
ORD00420,17-03-2025,Manish Shah,East,Arjun Rao,Groceries,Spices Pack,1095.56,1,1095.56,Delivered
ORD00749,17-03-2025,Vivek Patel,East,Sneha Iyer,Electronics,Tablet,47495.54,2,94991.08,Cancelled
ORD02222,18-03-2025,Suresh Desai,West,Priya Nair,Electronics,Smartphone,12747.27,1,12747.27,Delivered
ORD01784,18-03-2025,Tarun Kapoor,South,Arjun Rao,Groceries,Spices Pack,1456.37,2,2912.74,Delivered
ORD00378,18-03-2025,Nikhil Desai,East,Divya Menon,Electronics,Smartwatch,2157.44,1,2157.44,Delivered
ORD00769,19-03-2025,Sonal Joshi,East,Aarav Sharma,Groceries,Cooking Oil 1L,567.86,2,1135.72,Delivered
ORD01111,19-03-2025,Nikhil Rao,Central,Anjali Gupta,Electronics,Tablet,31553.19,1,31553.19,Cancelled
ORD01254,19-03-2025,Tarun Kapoor,North,Vikram Singh,Groceries,Atta 10kg,932.91,1,932.91,Cancelled
ORD01142,19-03-2025,Riya Rao,Central,Arjun Rao,Sports,Football,5653.61,1,5653.61,Delivered
ORD00538,19-03-2025,Suresh Kumar,North,Neha Reddy,Electronics,Smartwatch,52061.92,1,52061.92,Delivered
ORD00785,19-03-2025,Kavya Patel,West,Arjun Rao,Sports,Cricket Bat,1267.24,1,1267.24,Pending
ORD00572,21-03-2025,Sanjay Rao,Central,Vikram Singh,Electronics,Laptop,15384.52,1,15384.52,Delivered
ORD01722,21-03-2025,Pooja Desai,North,Vikram Singh,Clothing,T-Shirt,1783.87,1,1783.87,Pending
ORD01372,21-03-2025,Sonal Desai,West,Karan Verma,Electronics,Smartwatch,50487.11,1,50487.11,Delivered
ORD01413,21-03-2025,Ananya Reddy,Central,Priya Nair,Electronics,Laptop,17605.21,1,17605.21,Delivered
ORD00210,22-03-2025,Pooja Shah,East,Rohan Mehta,Groceries,Rice 5kg,142.45,1,142.45,Delivered
ORD00455,22-03-2025,Anita Rao,West,Arjun Rao,Sports,Dumbbells Set,3168.32,2,6336.64,Delivered
ORD02139,22-03-2025,Shreya Rao,East,Rohan Mehta,Sports,Yoga Mat,928.26,1,928.26,Delivered
ORD01009,22-03-2025,Suresh Joshi,South,Divya Menon,Furniture,Sofa,23154.26,3,69462.78,Delivered
ORD00674,22-03-2025,Kavya Kumar,West,Vikram Singh,Groceries,Rice 5kg,226.53,1,226.53,Cancelled
ORD02096,23-03-2025,Pooja Shah,North,Rohan Mehta,Clothing,Jeans,2291.34,2,4582.68,Delivered
ORD01191,23-03-2025,Riya Shah,East,Karan Verma,Clothing,Jeans,1942.83,2,3885.66,Pending
ORD02310,23-03-2025,Shreya Kapoor,North,Arjun Rao,Groceries,Spices Pack,1725.57,1,1725.57,Delivered
ORD01948,24-03-2025,Pooja Nair,South,Aarav Sharma,Electronics,Tablet,29190.11,1,29190.11,Delivered
ORD00204,24-03-2025,Sanjay Shah,South,Vikram Singh,Furniture,Bookshelf,8073.03,3,24219.09,Pending
ORD00696,24-03-2025,Ananya Reddy,East,Aarav Sharma,Electronics,Smartphone,61200.19,1,61200.19,Delivered
ORD00421,25-03-2025,Pooja Desai,East,Priya Nair,Clothing,Jacket,2483.82,1,2483.82,Delivered
ORD02393,25-03-2025,Gaurav Reddy,South,Vikram Singh,Groceries,Atta 10kg,1142.31,1,1142.31,Delivered
ORD00588,27-03-2025,Shreya Desai,South,Priya Nair,Clothing,Formal Shirt,975.57,1,975.57,Delivered
ORD00478,27-03-2025,Aditi Joshi,East,Anjali Gupta,Electronics,Headphones,28972.88,1,28972.88,Pending
ORD01516,27-03-2025,Aditi Desai,East,Anjali Gupta,Electronics,Laptop,60572.41,1,60572.41,Delivered
ORD01519,28-03-2025,Vivek Joshi,North,Priya Nair,Groceries,Cooking Oil 1L,1391.68,1,1391.68,Delivered
ORD00040,28-03-2025,Pooja Nair,West,Aarav Sharma,Groceries,Cooking Oil 1L,1932.07,2,3864.14,Delivered
ORD01239,29-03-2025,Sonal Rao,North,Vikram Singh,Sports,Cricket Bat,6107.97,1,6107.97,Delivered
ORD00139,29-03-2025,Amit Shah,North,Priya Nair,Sports,Dumbbells Set,5561.09,1,5561.09,Delivered
ORD01910,29-03-2025,Rahul Rao,West,Aarav Sharma,Furniture,Study Table,14446.45,1,14446.45,Delivered
ORD01610,29-03-2025,Sanjay Nair,Central,Aarav Sharma,Furniture,Sofa,22307.81,1,22307.81,Pending
ORD00194,30-03-2025,Rahul Shah,North,Arjun Rao,Groceries,Cooking Oil 1L,716.52,1,716.52,Cancelled
ORD01441,30-03-2025,Manish Nair,South,Arjun Rao,Sports,Dumbbells Set,6538.59,2,13077.18,Pending
ORD00941,30-03-2025,Sanjay Rao,South,Aarav Sharma,Groceries,Atta 10kg,1257.82,1,1257.82,Delivered
ORD01935,30-03-2025,Gaurav Kapoor,East,Neha Reddy,Furniture,Sofa,18455.58,1,18455.58,Delivered
ORD00947,31-03-2025,Ananya Rao,Central,Divya Menon,Furniture,Study Table,3558,1,3558,Pending
ORD00688,31-03-2025,Suresh Rao,East,Anjali Gupta,Electronics,Tablet,54389.5,1,54389.5,Delivered
ORD01477,01-04-2025,Pooja Shah,South,Anjali Gupta,Groceries,Cooking Oil 1L,2045.97,1,2045.97,Delivered
ORD00608,01-04-2025,Suresh Joshi,West,Priya Nair,Furniture,Office Chair,17087.8,2,34175.6,Delivered
ORD02347,01-04-2025,Isha Rao,East,Neha Reddy,Sports,Football,3285.61,1,3285.61,Cancelled
ORD00047,01-04-2025,Kavya Rao,South,Aarav Sharma,Groceries,Atta 10kg,2477.21,1,2477.21,Pending
ORD01397,02-04-2025,Suresh Rao,South,Rohan Mehta,Clothing,T-Shirt,2002.4,1,2002.4,Delivered
ORD00889,03-04-2025,Suresh Kapoor,Central,Priya Nair,Electronics,Tablet,27488.3,2,54976.6,Cancelled
ORD02090,03-04-2025,Manish Shah,East,Karan Verma,Sports,Cricket Bat,4225.23,1,4225.23,Cancelled
ORD02389,03-04-2025,Rahul Desai,West,Rohan Mehta,Furniture,Sofa,17297.67,5,86488.35,Delivered
ORD00150,03-04-2025,Anita Desai,Central,Karan Verma,Electronics,Laptop,77132.46,1,77132.46,Delivered
ORD02265,03-04-2025,Ananya Desai,West,Neha Reddy,Furniture,Study Table,4511.64,2,9023.28,Delivered
ORD00003,04-04-2025,Gaurav Shah,East,Divya Menon,Groceries,Rice 5kg,1136.67,1,1136.67,Delivered
ORD00148,04-04-2025,Rahul Patel,East,Divya Menon,Electronics,Headphones,66078.01,1,66078.01,Cancelled
ORD00013,05-04-2025,Kavya Joshi,Central,Vikram Singh,Electronics,Laptop,26519.77,1,26519.77,Cancelled
ORD01246,05-04-2025,Sanjay Rao,South,Neha Reddy,Electronics,Headphones,7057.07,2,14114.14,Delivered
ORD01276,05-04-2025,Anita Joshi,Central,Priya Nair,Electronics,Smartwatch,25030.33,1,25030.33,Delivered
ORD02179,06-04-2025,Gaurav Joshi,Central,Arjun Rao,Furniture,Sofa,12864.07,1,12864.07,Delivered
ORD01394,06-04-2025,Pooja Kapoor,South,Divya Menon,Sports,Cricket Bat,1370.76,1,1370.76,Delivered
ORD00012,06-04-2025,Anita Kapoor,East,Arjun Rao,Clothing,T-Shirt,2420.6,2,4841.2,Delivered
ORD01240,06-04-2025,Manish Malhotra,North,Vikram Singh,Electronics,Laptop,55182.98,5,275914.9,Delivered
ORD00503,06-04-2025,Rajesh Nair,Central,Vikram Singh,Furniture,Study Table,18626.28,1,18626.28,Pending
ORD02047,07-04-2025,Amit Reddy,South,Rohan Mehta,Furniture,Office Chair,18362.12,1,18362.12,Pending
ORD00854,07-04-2025,Tarun Malhotra,North,Anjali Gupta,Groceries,Spices Pack,281.51,1,281.51,Delivered
ORD00138,07-04-2025,Amit Desai,West,Anjali Gupta,Clothing,T-Shirt,3046.77,1,3046.77,Delivered
ORD02374,07-04-2025,Kavya Desai,South,Vikram Singh,Clothing,Formal Shirt,3679.78,1,3679.78,Delivered
ORD00865,08-04-2025,Nikhil Shah,South,Priya Nair,Clothing,Formal Shirt,2020.19,1,2020.19,Delivered
ORD01426,08-04-2025,Sanjay Kapoor,Central,Arjun Rao,Clothing,Jacket,2917.04,1,2917.04,Delivered
ORD01787,08-04-2025,Vivek Reddy,North,Priya Nair,Sports,Dumbbells Set,5685.16,1,5685.16,Pending
ORD02339,09-04-2025,Sanjay Joshi,Central,Neha Reddy,Electronics,Headphones,6706.95,1,6706.95,Pending
ORD01976,09-04-2025,Manish Rao,East,Sneha Iyer,Electronics,Smartwatch,65191.99,1,65191.99,Delivered
ORD00847,09-04-2025,Sonal Joshi,West,Karan Verma,Electronics,Headphones,31419.95,2,62839.9,Delivered
ORD01712,10-04-2025,Ananya Kapoor,South,Arjun Rao,Electronics,Headphones,28372.31,2,56744.62,Delivered
ORD01663,10-04-2025,Ananya Nair,East,Vikram Singh,Electronics,Smartwatch,75305.82,1,75305.82,Delivered
ORD02097,10-04-2025,Rahul Kumar,East,Divya Menon,Sports,Yoga Mat,3955.61,1,3955.61,Delivered
ORD02498,10-04-2025,Nikhil Nair,West,Divya Menon,Clothing,Jeans,3812.69,1,3812.69,Pending
ORD00702,10-04-2025,Anita Nair,West,Vikram Singh,Furniture,Office Chair,10098.63,1,10098.63,Cancelled
ORD00826,11-04-2025,Riya Shah,North,Divya Menon,Clothing,Jacket,3502.64,1,3502.64,Delivered
ORD02486,11-04-2025,Shreya Patel,Central,Divya Menon,Clothing,Jacket,498.24,1,498.24,Delivered
ORD00816,11-04-2025,Suresh Patel,West,Anjali Gupta,Furniture,Bookshelf,20205.18,1,20205.18,Delivered
ORD00562,11-04-2025,Ananya Kapoor,South,Sneha Iyer,Clothing,Formal Shirt,2150.23,1,2150.23,Delivered
ORD00235,13-04-2025,Meera Joshi,West,Arjun Rao,Electronics,Tablet,4267.57,1,4267.57,Delivered
ORD02438,13-04-2025,Vivek Shah,North,Anjali Gupta,Electronics,Laptop,10045.91,1,10045.91,Pending
ORD01997,13-04-2025,Rahul Joshi,North,Divya Menon,Clothing,Jeans,1050.92,1,1050.92,Delivered
ORD01183,14-04-2025,Manish Rao,East,Divya Menon,Clothing,Jacket,2254.3,1,2254.3,Delivered
ORD00581,14-04-2025,Rajesh Malhotra,East,Karan Verma,Clothing,Formal Shirt,3971.69,2,7943.38,Delivered
ORD01853,15-04-2025,Tarun Patel,North,Rohan Mehta,Groceries,Cooking Oil 1L,1170.22,1,1170.22,Pending
ORD00972,15-04-2025,Anita Rao,East,Anjali Gupta,Groceries,Spices Pack,189.65,1,189.65,Delivered
ORD00739,15-04-2025,Pooja Reddy,West,Aarav Sharma,Electronics,Tablet,76944.69,2,153889.38,Delivered
ORD01559,15-04-2025,Anita Rao,East,Priya Nair,Groceries,Cooking Oil 1L,2413.06,3,7239.18,Cancelled
ORD00585,15-04-2025,Isha Patel,West,Priya Nair,Electronics,Headphones,51522.72,1,51522.72,Cancelled
ORD00215,15-04-2025,Vivek Desai,South,Karan Verma,Electronics,Tablet,18785.75,1,18785.75,Cancelled
ORD00613,16-04-2025,Tarun Nair,West,Anjali Gupta,Clothing,Jacket,3831.23,2,7662.46,Pending
ORD00445,17-04-2025,Meera Patel,North,Vikram Singh,Clothing,Jacket,2154.16,1,2154.16,Cancelled
ORD02335,17-04-2025,Amit Nair,West,Anjali Gupta,Electronics,Smartphone,75705.39,1,75705.39,Delivered
ORD02249,17-04-2025,Anita Reddy,Central,Aarav Sharma,Clothing,Jacket,976.96,1,976.96,Delivered
ORD01428,17-04-2025,Manish Desai,Central,Priya Nair,Electronics,Headphones,21667.1,1,21667.1,Delivered
ORD01280,17-04-2025,Ananya Nair,West,Vikram Singh,Clothing,T-Shirt,573.78,1,573.78,Delivered
ORD01838,17-04-2025,Sanjay Shah,North,Anjali Gupta,Sports,Dumbbells Set,4527.1,1,4527.1,Delivered
ORD02384,18-04-2025,Anita Nair,West,Sneha Iyer,Electronics,Smartwatch,47326.46,1,47326.46,Delivered
ORD01208,18-04-2025,Sonal Kapoor,Central,Neha Reddy,Clothing,T-Shirt,2717.49,1,2717.49,Delivered
ORD00485,18-04-2025,Shreya Rao,West,Aarav Sharma,Electronics,Headphones,46153.59,2,92307.18,Delivered
ORD02177,18-04-2025,Suresh Reddy,West,Sneha Iyer,Groceries,Cooking Oil 1L,923.26,1,923.26,Delivered
ORD01738,18-04-2025,Suresh Joshi,North,Vikram Singh,Sports,Cricket Bat,4309.42,2,8618.84,Delivered
ORD00803,19-04-2025,Rahul Nair,Central,Aarav Sharma,Groceries,Cooking Oil 1L,1911.84,3,5735.52,Pending
ORD02123,20-04-2025,Aditi Reddy,South,Anjali Gupta,Clothing,Jeans,586.13,2,1172.26,Cancelled
ORD01966,20-04-2025,Rahul Shah,South,Vikram Singh,Clothing,Jeans,1774.74,2,3549.48,Delivered
ORD00200,21-04-2025,Gaurav Kumar,North,Vikram Singh,Clothing,T-Shirt,1013.72,1,1013.72,Delivered
ORD00007,21-04-2025,Rajesh Nair,West,Neha Reddy,Sports,Football,3763.11,1,3763.11,Delivered
ORD02331,21-04-2025,Rahul Shah,North,Divya Menon,Clothing,T-Shirt,1792.09,2,3584.18,Cancelled
ORD00129,21-04-2025,Kavya Joshi,North,Divya Menon,Electronics,Smartwatch,50945.43,2,101890.86,Cancelled
ORD00586,21-04-2025,Amit Kapoor,Central,Anjali Gupta,Electronics,Laptop,76524.96,1,76524.96,Delivered
ORD01087,22-04-2025,Riya Rao,West,Arjun Rao,Clothing,Jacket,3455.65,1,3455.65,Pending
ORD00168,22-04-2025,Sanjay Malhotra,Central,Karan Verma,Electronics,Smartwatch,31082.19,1,31082.19,Pending
ORD02300,23-04-2025,Pooja Kapoor,East,Rohan Mehta,Sports,Cricket Bat,7961.74,1,7961.74,Pending
ORD00664,23-04-2025,Meera Kapoor,South,Anjali Gupta,Clothing,Jacket,718.88,1,718.88,Delivered
ORD02233,23-04-2025,Meera Shah,East,Arjun Rao,Groceries,Cooking Oil 1L,640.97,1,640.97,Delivered
ORD02363,24-04-2025,Pooja Shah,South,Rohan Mehta,Clothing,T-Shirt,3575.38,1,3575.38,Delivered
ORD02037,24-04-2025,Meera Kapoor,North,Vikram Singh,Electronics,Headphones,18780.16,1,18780.16,Pending
ORD00782,24-04-2025,Aditi Kumar,North,Sneha Iyer,Groceries,Rice 5kg,738.66,2,1477.32,Delivered
ORD01986,24-04-2025,Rajesh Nair,East,Aarav Sharma,Sports,Yoga Mat,6266.46,1,6266.46,Delivered
ORD00311,24-04-2025,Gaurav Patel,South,Karan Verma,Sports,Football,5864.84,1,5864.84,Delivered
ORD00532,24-04-2025,Ananya Kapoor,Central,Rohan Mehta,Clothing,Jacket,2799.48,1,2799.48,Delivered
ORD01815,25-04-2025,Rajesh Shah,West,Anjali Gupta,Electronics,Tablet,12220.9,1,12220.9,Delivered
ORD01885,25-04-2025,Aditi Malhotra,East,Arjun Rao,Clothing,T-Shirt,3733.57,1,3733.57,Delivered
ORD01985,26-04-2025,Rajesh Desai,Central,Arjun Rao,Sports,Yoga Mat,6716.68,1,6716.68,Delivered
ORD00979,26-04-2025,Vivek Kapoor,West,Arjun Rao,Groceries,Atta 10kg,1192.79,2,2385.58,Delivered
ORD01944,26-04-2025,Nikhil Shah,East,Arjun Rao,Electronics,Tablet,25395.57,5,126977.85,Delivered
ORD00966,27-04-2025,Riya Nair,Central,Aarav Sharma,Electronics,Headphones,18383.69,1,18383.69,Delivered
ORD00668,27-04-2025,Tarun Malhotra,East,Neha Reddy,Clothing,T-Shirt,1491.82,2,2983.64,Cancelled
ORD00754,27-04-2025,Nikhil Shah,West,Vikram Singh,Electronics,Smartwatch,44136.95,1,44136.95,Pending
ORD01371,28-04-2025,Riya Kapoor,East,Divya Menon,Clothing,Jeans,1777.32,1,1777.32,Delivered
ORD02348,29-04-2025,Meera Reddy,South,Arjun Rao,Sports,Cricket Bat,5057.97,1,5057.97,Delivered
ORD00763,30-04-2025,Isha Kapoor,West,Karan Verma,Sports,Football,3032.97,1,3032.97,Delivered
ORD01585,30-04-2025,Ananya Desai,West,Arjun Rao,Electronics,Smartwatch,3431.2,2,6862.4,Delivered
ORD02329,30-04-2025,Manish Malhotra,South,Karan Verma,Electronics,Smartwatch,42790.45,1,42790.45,Cancelled
ORD00944,01-05-2025,Meera Nair,North,Karan Verma,Electronics,Smartwatch,39402.5,1,39402.5,Delivered
ORD01270,02-05-2025,Gaurav Desai,West,Anjali Gupta,Furniture,Study Table,10435.67,2,20871.34,Delivered
ORD00313,02-05-2025,Meera Rao,North,Karan Verma,Electronics,Headphones,59553.82,2,119107.64,Cancelled
ORD02201,03-05-2025,Nikhil Rao,North,Divya Menon,Clothing,Jacket,2732.11,1,2732.11,Delivered
ORD01480,04-05-2025,Ananya Kumar,South,Rohan Mehta,Groceries,Rice 5kg,224.13,1,224.13,Cancelled
ORD00109,05-05-2025,Nikhil Nair,South,Vikram Singh,Sports,Dumbbells Set,5444.26,1,5444.26,Delivered
ORD02403,05-05-2025,Amit Shah,Central,Priya Nair,Electronics,Smartwatch,26887.44,1,26887.44,Pending
ORD00949,06-05-2025,Riya Reddy,North,Sneha Iyer,Electronics,Smartphone,53665.01,1,53665.01,Delivered
ORD02386,06-05-2025,Ananya Nair,South,Neha Reddy,Groceries,Rice 5kg,158.59,1,158.59,Delivered
ORD00280,06-05-2025,Shreya Reddy,North,Priya Nair,Sports,Football,3941.31,5,19706.55,Delivered
ORD01792,07-05-2025,Meera Shah,Central,Rohan Mehta,Electronics,Smartphone,31729.52,2,63459.04,Cancelled
ORD02053,07-05-2025,Sonal Joshi,South,Vikram Singh,Clothing,Jeans,3398.98,1,3398.98,Pending
ORD01293,07-05-2025,Manish Nair,East,Vikram Singh,Furniture,Study Table,10944.62,1,10944.62,Delivered
ORD01746,07-05-2025,Isha Rao,West,Arjun Rao,Groceries,Spices Pack,2232.24,2,4464.48,Delivered
ORD02370,08-05-2025,Riya Kumar,Central,Divya Menon,Furniture,Sofa,3510.23,1,3510.23,Delivered
ORD01988,08-05-2025,Tarun Kapoor,East,Neha Reddy,Furniture,Office Chair,14314.97,1,14314.97,Delivered
ORD00355,08-05-2025,Anita Rao,North,Rohan Mehta,Electronics,Smartwatch,25028.86,2,50057.72,Delivered
ORD01187,09-05-2025,Gaurav Kumar,East,Anjali Gupta,Clothing,T-Shirt,2222.93,1,2222.93,Pending
ORD00857,09-05-2025,Sonal Kumar,North,Arjun Rao,Clothing,Jacket,2940.73,2,5881.46,Cancelled
ORD01884,09-05-2025,Amit Desai,East,Priya Nair,Groceries,Cooking Oil 1L,1977.63,1,1977.63,Delivered
ORD01415,09-05-2025,Sanjay Kapoor,East,Sneha Iyer,Groceries,Spices Pack,1117.36,1,1117.36,Delivered
ORD00631,10-05-2025,Amit Desai,East,Sneha Iyer,Electronics,Laptop,78803.05,1,78803.05,Delivered
ORD01641,10-05-2025,Riya Kapoor,North,Rohan Mehta,Clothing,Formal Shirt,1025.68,1,1025.68,Delivered
ORD01476,10-05-2025,Kavya Kapoor,South,Rohan Mehta,Clothing,Jeans,975.79,1,975.79,Delivered
ORD00468,10-05-2025,Meera Kumar,Central,Anjali Gupta,Groceries,Cooking Oil 1L,1457.65,1,1457.65,Cancelled
ORD00030,11-05-2025,Aditi Shah,Central,Karan Verma,Groceries,Atta 10kg,2412.69,2,4825.38,Delivered
ORD01264,11-05-2025,Tarun Desai,South,Neha Reddy,Sports,Cricket Bat,3298.13,3,9894.39,Delivered
ORD00186,12-05-2025,Manish Shah,Central,Arjun Rao,Clothing,Jacket,465.64,1,465.64,Delivered
ORD01256,12-05-2025,Rahul Nair,West,Arjun Rao,Furniture,Bookshelf,2451.46,1,2451.46,Pending
ORD02343,12-05-2025,Anita Joshi,West,Rohan Mehta,Electronics,Tablet,24292.94,1,24292.94,Delivered
ORD01328,12-05-2025,Amit Patel,Central,Sneha Iyer,Groceries,Cooking Oil 1L,205.04,1,205.04,Delivered
ORD00303,13-05-2025,Ananya Kumar,East,Sneha Iyer,Electronics,Tablet,36635.41,1,36635.41,Delivered
ORD02115,13-05-2025,Rajesh Nair,North,Arjun Rao,Electronics,Smartwatch,62538.14,3,187614.42,Delivered
ORD00580,13-05-2025,Kavya Rao,South,Divya Menon,Electronics,Smartphone,37937.22,5,189686.1,Pending
ORD00443,14-05-2025,Amit Patel,Central,Aarav Sharma,Clothing,Jeans,1355.33,1,1355.33,Delivered
ORD01748,14-05-2025,Manish Kumar,East,Divya Menon,Clothing,Jeans,946,1,946,Delivered
ORD01963,14-05-2025,Rajesh Kumar,Central,Anjali Gupta,Sports,Yoga Mat,2880.46,1,2880.46,Delivered
ORD01249,15-05-2025,Amit Joshi,East,Rohan Mehta,Clothing,Jacket,1281.42,2,2562.84,Delivered
ORD00046,15-05-2025,Manish Kapoor,Central,Arjun Rao,Furniture,Sofa,22120.59,2,44241.18,Cancelled
ORD02293,15-05-2025,Suresh Reddy,East,Rohan Mehta,Clothing,T-Shirt,1386.53,2,2773.06,Pending
ORD01645,15-05-2025,Nikhil Patel,East,Priya Nair,Sports,Dumbbells Set,5925.1,1,5925.1,Delivered
ORD00120,15-05-2025,Nikhil Malhotra,East,Neha Reddy,Furniture,Bookshelf,18612.44,1,18612.44,Delivered
ORD00169,16-05-2025,Kavya Reddy,West,Priya Nair,Sports,Yoga Mat,4865.47,1,4865.47,Delivered
ORD02172,16-05-2025,Manish Kapoor,West,Divya Menon,Groceries,Atta 10kg,2387.32,1,2387.32,Pending
ORD01457,16-05-2025,Riya Kumar,North,Vikram Singh,Groceries,Atta 10kg,1719.22,1,1719.22,Cancelled
ORD00914,16-05-2025,Meera Reddy,East,Aarav Sharma,Electronics,Laptop,67952.99,1,67952.99,Delivered
ORD02429,16-05-2025,Meera Desai,Central,Priya Nair,Groceries,Rice 5kg,1279.55,1,1279.55,Delivered
ORD02109,16-05-2025,Manish Nair,Central,Aarav Sharma,Electronics,Headphones,17382.06,1,17382.06,Cancelled
ORD02054,17-05-2025,Meera Reddy,North,Karan Verma,Clothing,Jeans,3432.9,1,3432.9,Pending
ORD02424,18-05-2025,Rajesh Malhotra,South,Vikram Singh,Electronics,Smartphone,30496.46,2,60992.92,Delivered
ORD02430,18-05-2025,Amit Malhotra,Central,Aarav Sharma,Furniture,Sofa,21668.8,1,21668.8,Delivered
ORD00825,18-05-2025,Rahul Kumar,Central,Neha Reddy,Electronics,Smartwatch,57286.34,1,57286.34,Delivered
ORD00241,19-05-2025,Meera Reddy,North,Anjali Gupta,Groceries,Cooking Oil 1L,902.83,1,902.83,Delivered
ORD01811,19-05-2025,Ananya Desai,South,Rohan Mehta,Electronics,Laptop,39416.61,2,78833.22,Delivered
ORD01648,19-05-2025,Tarun Nair,South,Divya Menon,Clothing,Formal Shirt,3131.1,1,3131.1,Delivered
ORD00691,19-05-2025,Shreya Rao,Central,Rohan Mehta,Furniture,Sofa,24877.21,3,74631.63,Cancelled
ORD01322,20-05-2025,Pooja Rao,Central,Arjun Rao,Electronics,Smartwatch,72003.67,2,144007.34,Delivered
ORD00909,20-05-2025,Nikhil Kapoor,North,Rohan Mehta,Clothing,Formal Shirt,2089.04,1,2089.04,Delivered
ORD00694,20-05-2025,Aditi Kumar,West,Aarav Sharma,Clothing,Jeans,602.37,2,1204.74,Delivered
ORD00050,20-05-2025,Manish Desai,West,Karan Verma,Groceries,Rice 5kg,320.09,1,320.09,Delivered
ORD01742,21-05-2025,Riya Shah,South,Anjali Gupta,Sports,Cricket Bat,5704.29,1,5704.29,Pending
ORD00645,21-05-2025,Pooja Kapoor,North,Vikram Singh,Sports,Cricket Bat,354.99,1,354.99,Delivered
ORD00519,21-05-2025,Kavya Reddy,North,Divya Menon,Clothing,Formal Shirt,2046.8,1,2046.8,Delivered
ORD01269,22-05-2025,Ananya Nair,West,Vikram Singh,Furniture,Office Chair,19975.29,1,19975.29,Delivered
ORD00419,22-05-2025,Manish Nair,South,Aarav Sharma,Clothing,Jacket,456.67,1,456.67,Delivered
ORD01197,22-05-2025,Vivek Joshi,West,Arjun Rao,Groceries,Rice 5kg,2274.37,1,2274.37,Delivered
ORD00849,22-05-2025,Sanjay Kapoor,North,Divya Menon,Groceries,Rice 5kg,1674.83,1,1674.83,Cancelled
ORD01544,22-05-2025,Riya Reddy,Central,Vikram Singh,Sports,Cricket Bat,4319.58,2,8639.16,Delivered
ORD00666,23-05-2025,Kavya Rao,West,Divya Menon,Electronics,Laptop,50378.32,1,50378.32,Delivered
ORD00653,23-05-2025,Suresh Malhotra,South,Divya Menon,Clothing,Jacket,2846.94,1,2846.94,Delivered
ORD02012,23-05-2025,Shreya Reddy,Central,Priya Nair,Furniture,Bookshelf,22164.17,2,44328.34,Delivered
ORD00006,23-05-2025,Sanjay Reddy,West,Priya Nair,Clothing,Jacket,3673.55,1,3673.55,Delivered
ORD01067,23-05-2025,Tarun Shah,South,Aarav Sharma,Electronics,Laptop,66245.42,1,66245.42,Delivered
ORD00203,23-05-2025,Rahul Malhotra,North,Karan Verma,Electronics,Laptop,19733.87,1,19733.87,Delivered
ORD00398,23-05-2025,Anita Kapoor,South,Neha Reddy,Furniture,Office Chair,11580.19,1,11580.19,Delivered
ORD00557,23-05-2025,Riya Joshi,South,Neha Reddy,Electronics,Smartwatch,41004.54,1,41004.54,Delivered
ORD00770,24-05-2025,Riya Rao,South,Priya Nair,Groceries,Rice 5kg,345.99,1,345.99,Delivered
ORD00875,24-05-2025,Rahul Shah,West,Karan Verma,Furniture,Office Chair,8695.6,1,8695.6,Delivered
ORD02065,25-05-2025,Rahul Shah,Central,Arjun Rao,Sports,Cricket Bat,1310.13,1,1310.13,Delivered
ORD01824,25-05-2025,Manish Joshi,North,Karan Verma,Electronics,Smartwatch,4667.25,2,9334.5,Delivered
ORD01332,25-05-2025,Vivek Kumar,South,Divya Menon,Sports,Yoga Mat,1878.92,1,1878.92,Delivered
ORD01161,25-05-2025,Kavya Reddy,Central,Aarav Sharma,Electronics,Tablet,15207.88,2,30415.76,Delivered
ORD01780,26-05-2025,Riya Desai,West,Anjali Gupta,Furniture,Study Table,18594.74,1,18594.74,Cancelled
ORD00347,26-05-2025,Rahul Nair,West,Neha Reddy,Groceries,Atta 10kg,1622.47,1,1622.47,Delivered
ORD02333,26-05-2025,Sonal Patel,South,Neha Reddy,Groceries,Spices Pack,285.81,1,285.81,Delivered
ORD02026,26-05-2025,Meera Nair,North,Divya Menon,Electronics,Headphones,50584.34,1,50584.34,Cancelled
ORD01124,26-05-2025,Tarun Joshi,North,Anjali Gupta,Sports,Dumbbells Set,4570.4,2,9140.8,Delivered
ORD01727,26-05-2025,Aditi Malhotra,East,Neha Reddy,Furniture,Study Table,8943.59,1,8943.59,Delivered
ORD00038,27-05-2025,Aditi Nair,Central,Karan Verma,Furniture,Bookshelf,14406.83,2,28813.66,Cancelled
ORD00521,27-05-2025,Manish Kumar,East,Anjali Gupta,Electronics,Smartwatch,14687.54,2,29375.08,Pending
ORD01912,27-05-2025,Nikhil Patel,South,Rohan Mehta,Groceries,Atta 10kg,583.66,1,583.66,Delivered
ORD02091,27-05-2025,Suresh Malhotra,West,Arjun Rao,Sports,Cricket Bat,2493.96,1,2493.96,Delivered
ORD00172,27-05-2025,Shreya Kumar,Central,Karan Verma,Electronics,Smartwatch,31589.97,1,31589.97,Delivered
ORD01139,27-05-2025,Meera Joshi,North,Neha Reddy,Furniture,Bookshelf,15650.97,1,15650.97,Delivered
ORD02307,28-05-2025,Nikhil Joshi,South,Neha Reddy,Electronics,Smartphone,41942.12,2,83884.24,Delivered
ORD00464,28-05-2025,Meera Rao,West,Vikram Singh,Clothing,Formal Shirt,2621,2,5242,Cancelled
ORD00252,28-05-2025,Tarun Rao,East,Vikram Singh,Clothing,T-Shirt,2808.48,1,2808.48,Pending
ORD01937,28-05-2025,Riya Reddy,North,Divya Menon,Sports,Yoga Mat,2184.65,1,2184.65,Pending
ORD00955,29-05-2025,Aditi Rao,North,Vikram Singh,Sports,Cricket Bat,305.52,3,916.56,Cancelled
ORD02033,29-05-2025,Riya Nair,South,Anjali Gupta,Furniture,Office Chair,9128.51,1,9128.51,Delivered
ORD00479,29-05-2025,Riya Nair,North,Arjun Rao,Sports,Dumbbells Set,5378.2,1,5378.2,Delivered
ORD00127,30-05-2025,Tarun Patel,Central,Divya Menon,Clothing,T-Shirt,3056.28,1,3056.28,Delivered
ORD01043,30-05-2025,Shreya Malhotra,Central,Rohan Mehta,Furniture,Office Chair,16426.19,2,32852.38,Cancelled
ORD00149,30-05-2025,Rahul Joshi,Central,Sneha Iyer,Furniture,Office Chair,21573.93,1,21573.93,Pending
ORD00042,30-05-2025,Tarun Patel,East,Sneha Iyer,Groceries,Spices Pack,1641.81,1,1641.81,Delivered
ORD02336,30-05-2025,Ananya Shah,South,Karan Verma,Clothing,T-Shirt,3731.28,1,3731.28,Delivered
ORD00629,31-05-2025,Kavya Rao,South,Divya Menon,Electronics,Smartwatch,50633.41,1,50633.41,Delivered
ORD01616,31-05-2025,Sanjay Reddy,East,Arjun Rao,Clothing,Jeans,1917.83,1,1917.83,Delivered
ORD01278,31-05-2025,Rajesh Rao,East,Priya Nair,Electronics,Headphones,8468.32,1,8468.32,Delivered
ORD02435,31-05-2025,Kavya Desai,East,Divya Menon,Clothing,Formal Shirt,2515.96,1,2515.96,Cancelled
ORD00342,01-06-2025,Sonal Reddy,North,Priya Nair,Furniture,Bookshelf,22595.35,1,22595.35,Delivered
ORD02247,01-06-2025,Manish Nair,Central,Anjali Gupta,Electronics,Laptop,43699.79,2,87399.58,Delivered
ORD01701,01-06-2025,Sanjay Malhotra,West,Aarav Sharma,Clothing,Jacket,3229.6,2,6459.2,Delivered
ORD01182,01-06-2025,Meera Kumar,North,Divya Menon,Groceries,Cooking Oil 1L,2188.95,1,2188.95,Delivered
ORD02478,02-06-2025,Amit Desai,South,Sneha Iyer,Furniture,Bookshelf,10110.23,2,20220.46,Delivered
ORD02341,02-06-2025,Rajesh Patel,East,Rohan Mehta,Sports,Dumbbells Set,3674.21,2,7348.42,Pending
ORD00486,03-06-2025,Gaurav Kapoor,West,Karan Verma,Sports,Dumbbells Set,1788.02,1,1788.02,Cancelled
ORD01158,04-06-2025,Gaurav Kumar,Central,Neha Reddy,Clothing,T-Shirt,3673.35,1,3673.35,Delivered
ORD01806,04-06-2025,Rajesh Patel,South,Anjali Gupta,Clothing,Jacket,1521.19,2,3042.38,Delivered
ORD00135,04-06-2025,Vivek Kumar,East,Priya Nair,Sports,Football,4342.74,1,4342.74,Delivered
ORD00984,05-06-2025,Anita Shah,South,Divya Menon,Groceries,Atta 10kg,2451.36,1,2451.36,Delivered
ORD00646,05-06-2025,Kavya Desai,North,Aarav Sharma,Clothing,Formal Shirt,2940.22,1,2940.22,Pending
ORD01333,05-06-2025,Vivek Shah,West,Rohan Mehta,Clothing,Jacket,2019.01,1,2019.01,Delivered
ORD00041,05-06-2025,Aditi Rao,South,Rohan Mehta,Sports,Dumbbells Set,648.84,1,648.84,Cancelled
ORD01630,05-06-2025,Rahul Joshi,West,Sneha Iyer,Groceries,Spices Pack,1727.19,2,3454.38,Cancelled
ORD01924,06-06-2025,Ananya Patel,North,Karan Verma,Groceries,Spices Pack,2145.64,2,4291.28,Delivered
ORD01446,06-06-2025,Rajesh Rao,West,Neha Reddy,Groceries,Cooking Oil 1L,2493.29,2,4986.58,Cancelled
ORD00111,06-06-2025,Pooja Reddy,West,Karan Verma,Electronics,Smartphone,30318.62,1,30318.62,Pending
ORD02427,07-06-2025,Pooja Shah,Central,Rohan Mehta,Groceries,Spices Pack,1531.22,1,1531.22,Delivered
ORD02010,07-06-2025,Sanjay Kumar,South,Anjali Gupta,Electronics,Headphones,28922.28,1,28922.28,Cancelled
ORD01826,08-06-2025,Rahul Patel,West,Divya Menon,Electronics,Smartwatch,63678.35,1,63678.35,Cancelled
ORD01896,08-06-2025,Nikhil Kapoor,Central,Sneha Iyer,Groceries,Atta 10kg,978.87,1,978.87,Pending
ORD00076,09-06-2025,Ananya Nair,South,Neha Reddy,Groceries,Atta 10kg,1375.04,2,2750.08,Delivered
ORD02355,09-06-2025,Meera Patel,South,Rohan Mehta,Groceries,Rice 5kg,1651.03,1,1651.03,Delivered
ORD01541,09-06-2025,Vivek Kapoor,East,Divya Menon,Clothing,Formal Shirt,2801.15,1,2801.15,Delivered
ORD00154,10-06-2025,Riya Reddy,West,Sneha Iyer,Groceries,Cooking Oil 1L,1535.99,1,1535.99,Delivered
ORD01646,10-06-2025,Rajesh Kumar,Central,Neha Reddy,Clothing,Jeans,788.46,3,2365.38,Cancelled
ORD00504,10-06-2025,Amit Kumar,Central,Sneha Iyer,Electronics,Laptop,37932.25,1,37932.25,Cancelled
ORD02460,11-06-2025,Gaurav Desai,Central,Neha Reddy,Groceries,Cooking Oil 1L,863.11,1,863.11,Delivered
ORD01959,11-06-2025,Sanjay Reddy,Central,Sneha Iyer,Electronics,Smartwatch,56657.09,2,113314.18,Delivered
ORD01555,11-06-2025,Isha Rao,East,Priya Nair,Electronics,Laptop,58287.11,1,58287.11,Delivered
ORD02303,12-06-2025,Kavya Reddy,North,Aarav Sharma,Sports,Cricket Bat,5119.35,1,5119.35,Pending
ORD02316,12-06-2025,Meera Malhotra,East,Sneha Iyer,Electronics,Smartphone,16822.95,2,33645.9,Delivered
ORD01020,12-06-2025,Aditi Reddy,Central,Vikram Singh,Groceries,Rice 5kg,1481.88,1,1481.88,Delivered
ORD02063,12-06-2025,Rahul Rao,Central,Neha Reddy,Groceries,Spices Pack,1352.5,2,2705,Delivered
ORD02396,13-06-2025,Ananya Desai,North,Vikram Singh,Sports,Dumbbells Set,5808.35,1,5808.35,Delivered
ORD00626,13-06-2025,Amit Kapoor,East,Rohan Mehta,Sports,Cricket Bat,1567.41,1,1567.41,Delivered
ORD01243,13-06-2025,Gaurav Reddy,West,Karan Verma,Electronics,Tablet,23856.88,1,23856.88,Delivered
ORD02398,13-06-2025,Amit Rao,Central,Sneha Iyer,Sports,Football,5804.25,1,5804.25,Pending
ORD01950,13-06-2025,Gaurav Patel,Central,Aarav Sharma,Electronics,Smartphone,40230.05,1,40230.05,Delivered
ORD02324,13-06-2025,Shreya Reddy,North,Sneha Iyer,Clothing,Jacket,2011,1,2011,Delivered
ORD01062,14-06-2025,Vivek Shah,Central,Aarav Sharma,Clothing,Formal Shirt,1835.83,2,3671.66,Delivered
ORD02469,14-06-2025,Manish Desai,North,Arjun Rao,Electronics,Smartphone,28014.27,1,28014.27,Cancelled
ORD00470,15-06-2025,Rajesh Nair,North,Arjun Rao,Electronics,Headphones,53199.95,3,159599.85,Delivered
ORD01105,15-06-2025,Aditi Rao,Central,Divya Menon,Groceries,Cooking Oil 1L,357.89,2,715.78,Cancelled
ORD02011,16-06-2025,Rajesh Joshi,South,Anjali Gupta,Electronics,Smartwatch,23959.74,2,47919.48,Pending
ORD00908,16-06-2025,Amit Desai,West,Divya Menon,Clothing,Jacket,1497.14,1,1497.14,Delivered
ORD02243,16-06-2025,Riya Shah,East,Rohan Mehta,Electronics,Tablet,62284.75,1,62284.75,Delivered
ORD02289,16-06-2025,Isha Kapoor,East,Vikram Singh,Groceries,Spices Pack,162.56,1,162.56,Delivered
ORD01063,17-06-2025,Aditi Patel,South,Neha Reddy,Electronics,Tablet,49283.78,1,49283.78,Delivered
ORD00701,17-06-2025,Manish Joshi,West,Sneha Iyer,Groceries,Rice 5kg,573.24,1,573.24,Cancelled
ORD01450,17-06-2025,Kavya Kapoor,South,Divya Menon,Electronics,Smartphone,63382.94,1,63382.94,Cancelled
ORD02426,17-06-2025,Tarun Kumar,East,Vikram Singh,Groceries,Rice 5kg,1654.25,2,3308.5,Delivered
ORD01952,18-06-2025,Manish Rao,Central,Rohan Mehta,Groceries,Rice 5kg,1585.98,1,1585.98,Pending
ORD00237,19-06-2025,Rajesh Shah,East,Aarav Sharma,Clothing,Jeans,2567.72,1,2567.72,Pending
ORD01453,19-06-2025,Rahul Kumar,North,Aarav Sharma,Groceries,Spices Pack,2002.99,1,2002.99,Delivered
ORD01079,19-06-2025,Aditi Desai,South,Anjali Gupta,Sports,Dumbbells Set,7753.76,2,15507.52,Delivered
ORD00163,20-06-2025,Ananya Patel,Central,Neha Reddy,Sports,Football,2833.43,1,2833.43,Pending
ORD00862,20-06-2025,Isha Joshi,South,Arjun Rao,Clothing,T-Shirt,2220.78,1,2220.78,Delivered
ORD00735,20-06-2025,Aditi Shah,East,Aarav Sharma,Groceries,Spices Pack,604.46,1,604.46,Cancelled
ORD01006,20-06-2025,Kavya Malhotra,West,Neha Reddy,Furniture,Sofa,19394.28,1,19394.28,Cancelled
ORD01657,21-06-2025,Kavya Joshi,South,Arjun Rao,Sports,Dumbbells Set,3467.37,1,3467.37,Delivered
ORD00818,21-06-2025,Shreya Kapoor,East,Karan Verma,Electronics,Laptop,20188.63,2,40377.26,Pending
ORD00723,21-06-2025,Meera Desai,South,Arjun Rao,Groceries,Atta 10kg,1629.01,2,3258.02,Delivered
ORD02136,21-06-2025,Riya Reddy,East,Vikram Singh,Groceries,Spices Pack,937.83,1,937.83,Delivered
ORD00606,21-06-2025,Sonal Patel,Central,Divya Menon,Electronics,Smartwatch,18850.45,3,56551.35,Pending
ORD01288,21-06-2025,Riya Reddy,North,Karan Verma,Electronics,Tablet,36514.32,1,36514.32,Delivered
ORD00734,22-06-2025,Suresh Reddy,West,Karan Verma,Sports,Yoga Mat,4915.06,1,4915.06,Delivered
ORD02219,22-06-2025,Suresh Shah,North,Anjali Gupta,Groceries,Rice 5kg,887.68,1,887.68,Delivered
ORD01132,22-06-2025,Nikhil Rao,East,Rohan Mehta,Clothing,Jeans,1317.29,2,2634.58,Delivered
ORD02417,23-06-2025,Kavya Nair,West,Sneha Iyer,Electronics,Smartphone,37681.73,5,188408.65,Delivered
ORD00517,23-06-2025,Manish Shah,East,Aarav Sharma,Groceries,Rice 5kg,1006.81,1,1006.81,Pending
ORD01252,24-06-2025,Rahul Malhotra,Central,Neha Reddy,Electronics,Smartphone,58557.49,3,175672.47,Delivered
ORD01075,24-06-2025,Pooja Kumar,Central,Rohan Mehta,Groceries,Spices Pack,138.66,1,138.66,Pending
ORD01767,24-06-2025,Ananya Kapoor,South,Karan Verma,Electronics,Tablet,51005.8,2,102011.6,Delivered
ORD00741,24-06-2025,Sonal Kumar,Central,Aarav Sharma,Clothing,Jeans,2492.76,1,2492.76,Delivered
ORD00229,24-06-2025,Tarun Reddy,East,Vikram Singh,Clothing,Formal Shirt,3344.03,1,3344.03,Delivered
ORD00939,25-06-2025,Anita Rao,South,Karan Verma,Furniture,Office Chair,2238.98,2,4477.96,Delivered
ORD01420,25-06-2025,Amit Desai,West,Sneha Iyer,Electronics,Tablet,51885.2,1,51885.2,Cancelled
ORD01434,26-06-2025,Kavya Reddy,East,Aarav Sharma,Electronics,Headphones,77674.64,1,77674.64,Delivered
ORD02113,26-06-2025,Sanjay Patel,West,Aarav Sharma,Sports,Football,2139.22,1,2139.22,Pending
ORD01153,27-06-2025,Suresh Patel,Central,Divya Menon,Furniture,Study Table,2212.97,5,11064.85,Cancelled
ORD01696,27-06-2025,Anita Nair,East,Arjun Rao,Electronics,Tablet,56520.84,1,56520.84,Cancelled
ORD00260,27-06-2025,Meera Patel,Central,Vikram Singh,Electronics,Headphones,41406.13,3,124218.39,Delivered
ORD00928,28-06-2025,Aditi Shah,West,Sneha Iyer,Clothing,Formal Shirt,1883.55,1,1883.55,Cancelled
ORD02260,28-06-2025,Meera Rao,North,Divya Menon,Electronics,Smartwatch,57290.85,3,171872.55,Delivered
ORD01880,28-06-2025,Anita Nair,East,Arjun Rao,Sports,Football,4343.85,2,8687.7,Delivered
ORD00985,28-06-2025,Tarun Kumar,North,Rohan Mehta,Electronics,Headphones,38785.47,2,77570.94,Delivered
ORD00074,29-06-2025,Anita Rao,North,Arjun Rao,Electronics,Smartphone,55850.8,1,55850.8,Pending
ORD00614,29-06-2025,Tarun Nair,East,Aarav Sharma,Electronics,Smartphone,9907.63,2,19815.26,Delivered
ORD00349,29-06-2025,Suresh Desai,East,Sneha Iyer,Sports,Dumbbells Set,4247.95,1,4247.95,Pending
ORD01698,29-06-2025,Nikhil Rao,Central,Neha Reddy,Groceries,Atta 10kg,2054.31,2,4108.62,Delivered
ORD00798,29-06-2025,Shreya Desai,Central,Karan Verma,Electronics,Headphones,38792.5,3,116377.5,Delivered
ORD02145,29-06-2025,Amit Reddy,North,Arjun Rao,Furniture,Office Chair,8586.28,1,8586.28,Delivered
ORD01029,30-06-2025,Isha Desai,East,Arjun Rao,Groceries,Spices Pack,2392.58,2,4785.16,Delivered
ORD01003,30-06-2025,Rahul Nair,North,Aarav Sharma,Sports,Cricket Bat,3204.84,1,3204.84,Delivered
ORD02183,30-06-2025,Aditi Nair,East,Sneha Iyer,Electronics,Tablet,66308,2,132616,Pending
ORD01650,30-06-2025,Rahul Joshi,North,Priya Nair,Electronics,Headphones,59241.87,1,59241.87,Delivered
ORD01299,01-07-2025,Anita Patel,Central,Priya Nair,Groceries,Cooking Oil 1L,600.12,1,600.12,Delivered
ORD00387,02-07-2025,Amit Joshi,South,Anjali Gupta,Clothing,Formal Shirt,3234.54,1,3234.54,Delivered
ORD00279,03-07-2025,Tarun Shah,West,Sneha Iyer,Groceries,Rice 5kg,1635.05,1,1635.05,Pending
ORD01538,03-07-2025,Pooja Kumar,West,Divya Menon,Electronics,Tablet,54471.58,2,108943.16,Pending
ORD00883,03-07-2025,Anita Malhotra,West,Vikram Singh,Clothing,Jacket,2436.69,2,4873.38,Pending
ORD00490,03-07-2025,Pooja Joshi,South,Priya Nair,Electronics,Laptop,13006.39,1,13006.39,Pending
ORD00143,04-07-2025,Rahul Kumar,West,Vikram Singh,Electronics,Smartwatch,45382.18,2,90764.36,Delivered
ORD00812,04-07-2025,Riya Nair,South,Arjun Rao,Furniture,Bookshelf,4752.34,1,4752.34,Cancelled
ORD00850,04-07-2025,Rahul Kapoor,Central,Divya Menon,Furniture,Sofa,2756.28,1,2756.28,Pending
ORD01739,05-07-2025,Kavya Joshi,West,Rohan Mehta,Sports,Football,3826.78,2,7653.56,Cancelled
ORD01994,05-07-2025,Gaurav Nair,West,Aarav Sharma,Furniture,Office Chair,18403.26,1,18403.26,Delivered
ORD02253,05-07-2025,Isha Malhotra,East,Anjali Gupta,Sports,Cricket Bat,2898.79,1,2898.79,Cancelled
ORD02419,06-07-2025,Meera Shah,North,Arjun Rao,Electronics,Smartwatch,64197.88,2,128395.76,Cancelled
ORD01850,06-07-2025,Manish Joshi,West,Priya Nair,Clothing,Jeans,3522.82,1,3522.82,Pending
ORD00284,06-07-2025,Meera Shah,North,Vikram Singh,Clothing,T-Shirt,1642.8,1,1642.8,Delivered
ORD01520,07-07-2025,Tarun Patel,East,Sneha Iyer,Electronics,Headphones,11391.2,1,11391.2,Delivered
ORD01561,07-07-2025,Anita Kumar,North,Arjun Rao,Groceries,Spices Pack,1900.04,1,1900.04,Delivered
ORD00258,07-07-2025,Vivek Rao,East,Rohan Mehta,Furniture,Study Table,20141.64,1,20141.64,Pending
ORD01907,08-07-2025,Sanjay Patel,Central,Karan Verma,Sports,Dumbbells Set,5992.34,2,11984.68,Cancelled
ORD01999,08-07-2025,Kavya Nair,South,Sneha Iyer,Clothing,T-Shirt,2762.09,1,2762.09,Delivered
ORD02309,08-07-2025,Tarun Kumar,West,Arjun Rao,Furniture,Bookshelf,7652.07,1,7652.07,Delivered
ORD01897,09-07-2025,Tarun Patel,West,Arjun Rao,Electronics,Laptop,8431.73,2,16863.46,Delivered
ORD00716,11-07-2025,Rahul Malhotra,Central,Neha Reddy,Groceries,Rice 5kg,667.54,1,667.54,Delivered
ORD00508,11-07-2025,Suresh Reddy,North,Priya Nair,Groceries,Atta 10kg,884.66,1,884.66,Cancelled
ORD01238,11-07-2025,Kavya Kumar,North,Priya Nair,Electronics,Headphones,24218.78,1,24218.78,Delivered
ORD00609,11-07-2025,Tarun Reddy,East,Priya Nair,Groceries,Spices Pack,1782.08,2,3564.16,Cancelled
ORD00571,12-07-2025,Meera Kumar,West,Aarav Sharma,Sports,Football,6271.39,1,6271.39,Delivered
ORD01678,12-07-2025,Pooja Joshi,North,Karan Verma,Electronics,Smartphone,38863.83,1,38863.83,Delivered
ORD01351,12-07-2025,Rahul Joshi,West,Rohan Mehta,Sports,Yoga Mat,623.44,2,1246.88,Delivered
ORD01089,13-07-2025,Rahul Nair,South,Priya Nair,Groceries,Cooking Oil 1L,1749.7,1,1749.7,Pending
ORD02445,13-07-2025,Suresh Joshi,East,Sneha Iyer,Electronics,Smartwatch,79321.07,1,79321.07,Delivered
ORD01152,13-07-2025,Pooja Rao,Central,Vikram Singh,Electronics,Headphones,62070.24,1,62070.24,Delivered
ORD00640,14-07-2025,Shreya Kapoor,East,Priya Nair,Clothing,Jacket,3270.62,1,3270.62,Delivered
ORD01386,14-07-2025,Nikhil Rao,Central,Neha Reddy,Electronics,Tablet,64591.24,2,129182.48,Delivered
ORD02332,14-07-2025,Kavya Desai,Central,Vikram Singh,Sports,Football,3724.98,2,7449.96,Delivered
ORD01901,14-07-2025,Anita Malhotra,North,Vikram Singh,Groceries,Atta 10kg,546.72,1,546.72,Delivered
ORD02128,15-07-2025,Anita Kapoor,East,Aarav Sharma,Furniture,Study Table,10103.89,1,10103.89,Pending
ORD01929,15-07-2025,Anita Rao,South,Sneha Iyer,Clothing,Jeans,1941.34,1,1941.34,Pending
ORD02085,15-07-2025,Nikhil Desai,West,Sneha Iyer,Groceries,Rice 5kg,1178.41,2,2356.82,Delivered
ORD01283,15-07-2025,Shreya Reddy,East,Anjali Gupta,Groceries,Cooking Oil 1L,2034.23,1,2034.23,Delivered
ORD01430,16-07-2025,Aditi Malhotra,North,Arjun Rao,Clothing,T-Shirt,2877.21,1,2877.21,Delivered
ORD00242,16-07-2025,Suresh Kumar,Central,Karan Verma,Sports,Football,6866.01,1,6866.01,Cancelled
ORD01103,16-07-2025,Manish Rao,North,Priya Nair,Electronics,Smartwatch,25834.96,1,25834.96,Pending
ORD01975,16-07-2025,Suresh Joshi,West,Arjun Rao,Electronics,Smartwatch,45718.07,1,45718.07,Cancelled
ORD02436,16-07-2025,Anita Nair,East,Divya Menon,Clothing,Jeans,813.83,1,813.83,Cancelled
ORD01316,17-07-2025,Amit Rao,North,Divya Menon,Electronics,Tablet,32727.65,1,32727.65,Cancelled
ORD02005,17-07-2025,Shreya Rao,Central,Rohan Mehta,Electronics,Smartphone,11653.33,1,11653.33,Pending
ORD01146,18-07-2025,Meera Rao,South,Neha Reddy,Clothing,Formal Shirt,1995.45,1,1995.45,Delivered
ORD00680,18-07-2025,Ananya Nair,Central,Anjali Gupta,Clothing,Jeans,2225.2,1,2225.2,Delivered
ORD01887,18-07-2025,Meera Shah,South,Arjun Rao,Electronics,Smartphone,73781.15,1,73781.15,Pending
ORD01385,19-07-2025,Rajesh Joshi,South,Rohan Mehta,Electronics,Smartwatch,11079.22,1,11079.22,Delivered
ORD01484,19-07-2025,Amit Kapoor,South,Divya Menon,Clothing,Jacket,2945.55,2,5891.1,Pending
ORD00031,19-07-2025,Rahul Kapoor,South,Divya Menon,Clothing,Formal Shirt,653.5,1,653.5,Delivered
ORD00904,19-07-2025,Rajesh Kumar,South,Aarav Sharma,Electronics,Smartphone,67624.5,1,67624.5,Pending
ORD00591,20-07-2025,Gaurav Nair,South,Aarav Sharma,Furniture,Office Chair,18089.97,1,18089.97,Pending
ORD00004,20-07-2025,Kavya Patel,Central,Arjun Rao,Sports,Cricket Bat,657.67,1,657.67,Delivered
ORD01492,20-07-2025,Pooja Kumar,East,Karan Verma,Groceries,Spices Pack,1428.75,2,2857.5,Delivered
ORD01116,20-07-2025,Rajesh Kumar,West,Divya Menon,Sports,Cricket Bat,4420.43,1,4420.43,Delivered
ORD01920,21-07-2025,Nikhil Nair,South,Aarav Sharma,Furniture,Bookshelf,22029.46,1,22029.46,Delivered
ORD00841,21-07-2025,Anita Malhotra,West,Vikram Singh,Sports,Yoga Mat,6572.15,1,6572.15,Delivered
ORD01134,21-07-2025,Gaurav Joshi,West,Anjali Gupta,Furniture,Bookshelf,16649.8,1,16649.8,Pending
ORD02306,21-07-2025,Vivek Patel,South,Arjun Rao,Clothing,T-Shirt,719.71,1,719.71,Cancelled
ORD01842,21-07-2025,Aditi Kapoor,West,Neha Reddy,Clothing,T-Shirt,3728.73,1,3728.73,Pending
ORD01213,22-07-2025,Rahul Reddy,East,Arjun Rao,Electronics,Smartwatch,30866.96,1,30866.96,Delivered
ORD00873,22-07-2025,Meera Malhotra,South,Arjun Rao,Furniture,Sofa,19179.88,2,38359.76,Delivered
ORD01287,22-07-2025,Gaurav Rao,North,Vikram Singh,Groceries,Atta 10kg,2011.12,1,2011.12,Delivered
ORD00892,22-07-2025,Sanjay Malhotra,West,Karan Verma,Groceries,Spices Pack,2379.59,1,2379.59,Delivered
ORD02369,22-07-2025,Sonal Kapoor,West,Divya Menon,Furniture,Study Table,15142.91,1,15142.91,Pending
ORD01925,23-07-2025,Ananya Rao,East,Anjali Gupta,Electronics,Smartphone,35733.7,1,35733.7,Cancelled
ORD01979,23-07-2025,Rahul Malhotra,East,Anjali Gupta,Electronics,Smartphone,63252.98,1,63252.98,Delivered
ORD02451,24-07-2025,Ananya Nair,West,Aarav Sharma,Furniture,Office Chair,23796.82,1,23796.82,Delivered
ORD00253,24-07-2025,Manish Joshi,Central,Sneha Iyer,Groceries,Spices Pack,2005.58,1,2005.58,Pending
ORD01556,24-07-2025,Shreya Shah,South,Divya Menon,Groceries,Spices Pack,479.77,1,479.77,Cancelled
ORD01320,24-07-2025,Gaurav Reddy,West,Rohan Mehta,Sports,Dumbbells Set,5677.01,1,5677.01,Cancelled
ORD00133,24-07-2025,Sonal Patel,Central,Divya Menon,Furniture,Office Chair,16766.7,1,16766.7,Delivered
ORD01813,24-07-2025,Manish Desai,East,Vikram Singh,Groceries,Spices Pack,1610.96,1,1610.96,Delivered
ORD01716,24-07-2025,Tarun Shah,Central,Arjun Rao,Electronics,Smartphone,39981.38,2,79962.76,Delivered
ORD02042,24-07-2025,Anita Rao,Central,Aarav Sharma,Sports,Dumbbells Set,1960.82,1,1960.82,Delivered
ORD00558,25-07-2025,Vivek Joshi,East,Karan Verma,Electronics,Tablet,74894.42,1,74894.42,Delivered
ORD02461,25-07-2025,Pooja Shah,East,Neha Reddy,Groceries,Cooking Oil 1L,1686.46,2,3372.92,Delivered
ORD02353,25-07-2025,Rajesh Patel,South,Aarav Sharma,Furniture,Study Table,14267.39,2,28534.78,Delivered
ORD02214,25-07-2025,Tarun Shah,North,Neha Reddy,Electronics,Smartwatch,40404.68,1,40404.68,Cancelled
ORD02187,25-07-2025,Vivek Nair,Central,Sneha Iyer,Clothing,T-Shirt,1227.53,2,2455.06,Delivered
ORD01964,26-07-2025,Amit Rao,South,Divya Menon,Clothing,Jeans,3976.12,3,11928.36,Pending
ORD00918,26-07-2025,Kavya Kumar,West,Priya Nair,Clothing,Formal Shirt,3491.47,1,3491.47,Cancelled
ORD00463,26-07-2025,Pooja Malhotra,East,Anjali Gupta,Clothing,Jeans,2476.69,1,2476.69,Delivered
ORD00401,27-07-2025,Sonal Kapoor,Central,Karan Verma,Clothing,T-Shirt,2823.69,1,2823.69,Delivered
ORD01803,27-07-2025,Rajesh Kumar,South,Neha Reddy,Groceries,Rice 5kg,1421.18,1,1421.18,Delivered
ORD01938,27-07-2025,Tarun Desai,North,Anjali Gupta,Clothing,Jacket,803.1,1,803.1,Delivered
ORD01472,27-07-2025,Sonal Kapoor,North,Vikram Singh,Sports,Football,7031.2,1,7031.2,Delivered
ORD01953,28-07-2025,Nikhil Kapoor,North,Sneha Iyer,Electronics,Tablet,14056.63,2,28113.26,Delivered
ORD01736,28-07-2025,Ananya Kumar,North,Priya Nair,Clothing,T-Shirt,2965.38,1,2965.38,Delivered
ORD01092,28-07-2025,Amit Kumar,Central,Neha Reddy,Electronics,Smartphone,52197.07,1,52197.07,Delivered
ORD02251,29-07-2025,Gaurav Kumar,Central,Neha Reddy,Sports,Football,3258.26,1,3258.26,Delivered
ORD00410,29-07-2025,Meera Reddy,South,Divya Menon,Clothing,Jeans,2483.7,1,2483.7,Delivered
ORD00276,29-07-2025,Isha Kumar,West,Karan Verma,Clothing,T-Shirt,2277.2,1,2277.2,Cancelled
ORD01584,29-07-2025,Tarun Kapoor,East,Karan Verma,Clothing,Formal Shirt,1618.53,1,1618.53,Cancelled
ORD00130,30-07-2025,Vivek Desai,South,Sneha Iyer,Electronics,Headphones,38450.24,1,38450.24,Delivered
ORD00068,31-07-2025,Vivek Shah,South,Priya Nair,Clothing,Jacket,890.94,1,890.94,Delivered
ORD00207,31-07-2025,Rahul Malhotra,South,Arjun Rao,Electronics,Headphones,28995.78,3,86987.34,Cancelled
ORD00092,01-08-2025,Suresh Nair,Central,Aarav Sharma,Groceries,Spices Pack,1764.92,1,1764.92,Delivered
ORD00298,01-08-2025,Ananya Patel,East,Divya Menon,Sports,Dumbbells Set,1064.63,1,1064.63,Pending
ORD01509,01-08-2025,Rahul Reddy,North,Neha Reddy,Furniture,Study Table,1695.16,3,5085.48,Delivered
ORD02125,01-08-2025,Rajesh Rao,South,Neha Reddy,Electronics,Tablet,2276.82,1,2276.82,Pending
ORD02078,02-08-2025,Gaurav Malhotra,East,Vikram Singh,Furniture,Sofa,12760.48,1,12760.48,Cancelled
ORD00453,02-08-2025,Shreya Malhotra,West,Divya Menon,Furniture,Office Chair,8117.98,3,24353.94,Delivered
ORD00079,02-08-2025,Amit Kumar,South,Neha Reddy,Furniture,Office Chair,13213.39,1,13213.39,Delivered
ORD00193,03-08-2025,Gaurav Desai,Central,Aarav Sharma,Electronics,Headphones,69802.25,1,69802.25,Delivered
ORD01914,04-08-2025,Ananya Malhotra,South,Divya Menon,Sports,Dumbbells Set,4506.58,2,9013.16,Delivered
ORD02264,04-08-2025,Amit Shah,Central,Rohan Mehta,Groceries,Rice 5kg,2012.2,2,4024.4,Cancelled
ORD00246,04-08-2025,Sonal Malhotra,South,Divya Menon,Electronics,Tablet,68540.99,1,68540.99,Cancelled
ORD00858,05-08-2025,Tarun Joshi,Central,Vikram Singh,Clothing,Formal Shirt,1756.52,1,1756.52,Cancelled
ORD01407,05-08-2025,Sonal Rao,West,Karan Verma,Clothing,T-Shirt,3384.03,1,3384.03,Delivered
ORD00953,05-08-2025,Tarun Rao,West,Arjun Rao,Clothing,T-Shirt,2265.59,1,2265.59,Pending
ORD02199,05-08-2025,Riya Patel,West,Neha Reddy,Electronics,Smartwatch,73822.91,1,73822.91,Delivered
ORD01315,05-08-2025,Ananya Rao,South,Arjun Rao,Furniture,Office Chair,15691.13,1,15691.13,Delivered
ORD01192,06-08-2025,Rajesh Malhotra,South,Anjali Gupta,Furniture,Bookshelf,21519.37,1,21519.37,Delivered
ORD00837,06-08-2025,Vivek Shah,South,Karan Verma,Sports,Cricket Bat,3284.71,1,3284.71,Pending
ORD00676,06-08-2025,Vivek Reddy,Central,Vikram Singh,Groceries,Spices Pack,737.34,2,1474.68,Pending
ORD01801,06-08-2025,Rajesh Malhotra,South,Divya Menon,Electronics,Smartwatch,31871.43,1,31871.43,Pending
ORD01021,06-08-2025,Nikhil Kumar,West,Arjun Rao,Groceries,Spices Pack,1147.12,3,3441.36,Delivered
ORD01138,06-08-2025,Pooja Reddy,East,Sneha Iyer,Electronics,Smartphone,40495.4,2,80990.8,Delivered
ORD01478,07-08-2025,Sanjay Nair,South,Neha Reddy,Electronics,Laptop,35410.74,1,35410.74,Delivered
ORD00181,07-08-2025,Ananya Reddy,West,Anjali Gupta,Electronics,Laptop,10510.55,1,10510.55,Delivered
ORD01926,07-08-2025,Rahul Joshi,West,Aarav Sharma,Electronics,Smartwatch,68677.06,1,68677.06,Delivered
ORD01274,08-08-2025,Tarun Malhotra,North,Anjali Gupta,Furniture,Office Chair,16721.16,1,16721.16,Delivered
ORD00257,08-08-2025,Riya Rao,Central,Neha Reddy,Electronics,Smartwatch,63842.64,1,63842.64,Delivered
ORD00621,08-08-2025,Rahul Malhotra,North,Vikram Singh,Groceries,Spices Pack,1007.19,5,5035.95,Delivered
ORD02087,08-08-2025,Shreya Patel,West,Anjali Gupta,Clothing,Jeans,735.72,2,1471.44,Delivered
ORD00481,08-08-2025,Rajesh Shah,North,Arjun Rao,Sports,Cricket Bat,5616.12,1,5616.12,Delivered
ORD01505,09-08-2025,Kavya Joshi,West,Sneha Iyer,Sports,Dumbbells Set,4056.16,5,20280.8,Delivered
ORD00491,09-08-2025,Riya Kapoor,Central,Divya Menon,Furniture,Study Table,2321.07,5,11605.35,Delivered
ORD02292,09-08-2025,Anita Shah,East,Rohan Mehta,Clothing,T-Shirt,3060.15,1,3060.15,Delivered
ORD02367,09-08-2025,Rahul Nair,North,Vikram Singh,Sports,Cricket Bat,6763.41,2,13526.82,Delivered
ORD00264,10-08-2025,Isha Joshi,South,Aarav Sharma,Furniture,Study Table,7241.99,1,7241.99,Delivered
ORD00466,10-08-2025,Nikhil Reddy,North,Arjun Rao,Groceries,Cooking Oil 1L,643.65,1,643.65,Delivered
ORD00179,10-08-2025,Gaurav Desai,East,Karan Verma,Electronics,Laptop,55783.09,1,55783.09,Delivered
ORD00088,10-08-2025,Sonal Malhotra,Central,Neha Reddy,Furniture,Office Chair,18916.34,1,18916.34,Cancelled
ORD00670,11-08-2025,Isha Shah,East,Vikram Singh,Furniture,Bookshelf,5636.58,2,11273.16,Delivered
ORD01747,11-08-2025,Tarun Shah,East,Divya Menon,Clothing,Jacket,2247.57,1,2247.57,Delivered
ORD01078,12-08-2025,Gaurav Shah,West,Vikram Singh,Furniture,Office Chair,8415.9,1,8415.9,Cancelled
ORD01217,12-08-2025,Suresh Rao,Central,Neha Reddy,Sports,Cricket Bat,913.99,2,1827.98,Cancelled
ORD01728,12-08-2025,Sanjay Nair,East,Sneha Iyer,Furniture,Study Table,8324.66,1,8324.66,Cancelled
ORD02297,12-08-2025,Sonal Patel,Central,Rohan Mehta,Electronics,Tablet,74232.79,2,148465.58,Delivered
ORD01709,12-08-2025,Aditi Desai,East,Rohan Mehta,Electronics,Smartphone,43527.1,2,87054.2,Cancelled
ORD01352,13-08-2025,Ananya Kapoor,North,Vikram Singh,Groceries,Cooking Oil 1L,1796.37,1,1796.37,Delivered
ORD01108,14-08-2025,Rahul Kumar,West,Arjun Rao,Groceries,Atta 10kg,2079.23,1,2079.23,Delivered
ORD00963,14-08-2025,Vivek Patel,West,Divya Menon,Electronics,Smartwatch,33377.43,1,33377.43,Delivered
ORD01932,14-08-2025,Sanjay Nair,West,Anjali Gupta,Clothing,T-Shirt,1453.35,1,1453.35,Pending
ORD01327,14-08-2025,Ananya Desai,North,Anjali Gupta,Clothing,T-Shirt,492.28,2,984.56,Delivered
ORD02349,15-08-2025,Nikhil Joshi,North,Sneha Iyer,Clothing,T-Shirt,1599.22,1,1599.22,Cancelled
ORD01157,15-08-2025,Manish Kapoor,North,Sneha Iyer,Sports,Football,5564.49,1,5564.49,Delivered
ORD00182,16-08-2025,Anita Kumar,North,Karan Verma,Sports,Yoga Mat,3653.99,2,7307.98,Delivered
ORD02414,16-08-2025,Manish Kumar,East,Sneha Iyer,Electronics,Smartwatch,33995.99,2,67991.98,Pending
ORD02402,16-08-2025,Rajesh Malhotra,East,Anjali Gupta,Furniture,Bookshelf,21673.6,1,21673.6,Pending
ORD01774,17-08-2025,Meera Patel,East,Priya Nair,Sports,Football,4488.6,1,4488.6,Delivered
ORD00764,17-08-2025,Rajesh Patel,Central,Vikram Singh,Groceries,Atta 10kg,1106.76,1,1106.76,Delivered
ORD00080,17-08-2025,Meera Reddy,South,Neha Reddy,Furniture,Office Chair,10032.43,1,10032.43,Cancelled
ORD01396,17-08-2025,Ananya Desai,West,Priya Nair,Clothing,T-Shirt,2133.17,1,2133.17,Delivered
ORD01834,17-08-2025,Riya Desai,East,Neha Reddy,Clothing,Formal Shirt,1798.22,1,1798.22,Cancelled
ORD01102,17-08-2025,Nikhil Shah,North,Rohan Mehta,Electronics,Tablet,9028.86,2,18057.72,Delivered
ORD01832,17-08-2025,Suresh Kumar,North,Anjali Gupta,Furniture,Bookshelf,12906.26,1,12906.26,Delivered
ORD01164,18-08-2025,Meera Nair,West,Divya Menon,Groceries,Spices Pack,762.61,1,762.61,Delivered
ORD02464,18-08-2025,Ananya Malhotra,South,Aarav Sharma,Furniture,Study Table,2495.29,1,2495.29,Delivered
ORD01772,19-08-2025,Amit Patel,Central,Anjali Gupta,Furniture,Office Chair,4186.59,2,8373.18,Delivered
ORD02079,19-08-2025,Rahul Shah,West,Aarav Sharma,Groceries,Cooking Oil 1L,299.59,1,299.59,Pending
ORD00902,19-08-2025,Nikhil Rao,East,Priya Nair,Groceries,Rice 5kg,1335.21,1,1335.21,Delivered
ORD01794,19-08-2025,Rahul Shah,East,Aarav Sharma,Groceries,Spices Pack,690.97,2,1381.94,Pending
ORD01504,20-08-2025,Rajesh Kumar,East,Anjali Gupta,Electronics,Laptop,74540.52,2,149081.04,Delivered
ORD00233,20-08-2025,Suresh Shah,North,Priya Nair,Clothing,Jeans,527.12,2,1054.24,Pending
ORD01984,20-08-2025,Pooja Desai,North,Sneha Iyer,Groceries,Cooking Oil 1L,1179.19,1,1179.19,Delivered
ORD01065,20-08-2025,Sonal Rao,Central,Anjali Gupta,Furniture,Office Chair,16731.45,2,33462.9,Cancelled
ORD01995,20-08-2025,Sanjay Patel,South,Divya Menon,Furniture,Bookshelf,15135.44,1,15135.44,Delivered
ORD01981,21-08-2025,Nikhil Malhotra,West,Divya Menon,Clothing,T-Shirt,2351.35,1,2351.35,Delivered
ORD00751,21-08-2025,Tarun Patel,South,Divya Menon,Electronics,Headphones,31325.76,2,62651.52,Delivered
ORD02073,21-08-2025,Vivek Malhotra,East,Priya Nair,Sports,Dumbbells Set,1609.63,1,1609.63,Delivered
ORD00249,21-08-2025,Riya Kumar,West,Arjun Rao,Electronics,Laptop,38186.73,3,114560.19,Delivered
ORD01849,21-08-2025,Vivek Malhotra,West,Priya Nair,Electronics,Smartwatch,4184.41,3,12553.23,Cancelled
ORD00868,22-08-2025,Suresh Kumar,West,Arjun Rao,Groceries,Cooking Oil 1L,843.63,1,843.63,Delivered
ORD00554,22-08-2025,Manish Kumar,North,Arjun Rao,Furniture,Office Chair,15713.73,1,15713.73,Delivered
ORD02038,22-08-2025,Sonal Joshi,South,Arjun Rao,Groceries,Rice 5kg,1487.43,1,1487.43,Delivered
ORD00005,23-08-2025,Anita Nair,South,Sneha Iyer,Sports,Football,3267.71,1,3267.71,Delivered
ORD01768,23-08-2025,Sanjay Rao,Central,Rohan Mehta,Groceries,Rice 5kg,1282.9,1,1282.9,Cancelled
ORD01654,23-08-2025,Riya Rao,East,Priya Nair,Furniture,Study Table,3719.74,1,3719.74,Delivered
ORD02342,24-08-2025,Aditi Shah,West,Vikram Singh,Sports,Dumbbells Set,1115.27,2,2230.54,Delivered
ORD00703,24-08-2025,Rahul Joshi,North,Karan Verma,Groceries,Spices Pack,1325.25,1,1325.25,Pending
ORD00101,24-08-2025,Sonal Shah,East,Aarav Sharma,Sports,Football,3885.89,1,3885.89,Pending
ORD00180,24-08-2025,Riya Malhotra,North,Aarav Sharma,Furniture,Study Table,24986.22,1,24986.22,Cancelled
ORD00337,24-08-2025,Riya Kumar,South,Anjali Gupta,Sports,Yoga Mat,6345.96,5,31729.8,Delivered
ORD00283,24-08-2025,Riya Malhotra,East,Anjali Gupta,Groceries,Rice 5kg,1472.92,1,1472.92,Cancelled
ORD02273,25-08-2025,Aditi Rao,Central,Divya Menon,Sports,Cricket Bat,6564.31,1,6564.31,Delivered
ORD01374,25-08-2025,Vivek Patel,Central,Sneha Iyer,Electronics,Tablet,3935.13,1,3935.13,Cancelled
ORD02194,25-08-2025,Amit Rao,East,Karan Verma,Groceries,Cooking Oil 1L,1195.85,1,1195.85,Pending
ORD01349,26-08-2025,Isha Shah,South,Vikram Singh,Groceries,Atta 10kg,855.49,1,855.49,Delivered
ORD01848,26-08-2025,Aditi Kumar,North,Aarav Sharma,Electronics,Smartphone,60757.18,1,60757.18,Delivered
ORD01915,26-08-2025,Meera Shah,West,Divya Menon,Clothing,Jeans,2164.83,2,4329.66,Delivered
ORD00037,26-08-2025,Aditi Kapoor,North,Karan Verma,Clothing,Jeans,491.26,3,1473.78,Delivered
ORD01219,26-08-2025,Suresh Shah,Central,Arjun Rao,Furniture,Sofa,18932.45,2,37864.9,Cancelled
ORD01007,27-08-2025,Vivek Shah,West,Anjali Gupta,Electronics,Tablet,56813.59,2,113627.18,Delivered
ORD01437,27-08-2025,Nikhil Joshi,East,Sneha Iyer,Clothing,Formal Shirt,835.89,2,1671.78,Delivered
ORD00530,27-08-2025,Gaurav Nair,North,Vikram Singh,Electronics,Smartphone,66422.72,1,66422.72,Delivered
ORD02326,27-08-2025,Nikhil Desai,South,Priya Nair,Clothing,Jeans,2269.11,1,2269.11,Delivered
ORD00153,27-08-2025,Isha Joshi,East,Karan Verma,Clothing,Jacket,2033.3,1,2033.3,Pending
ORD01495,27-08-2025,Rahul Shah,Central,Arjun Rao,Clothing,T-Shirt,646.07,1,646.07,Delivered
ORD01802,28-08-2025,Tarun Shah,East,Divya Menon,Sports,Cricket Bat,3289.89,1,3289.89,Pending
ORD02467,28-08-2025,Suresh Malhotra,East,Divya Menon,Electronics,Smartwatch,27816.13,1,27816.13,Delivered
ORD01913,29-08-2025,Sanjay Malhotra,North,Priya Nair,Groceries,Atta 10kg,1426.32,1,1426.32,Cancelled
ORD02242,29-08-2025,Anita Kapoor,West,Priya Nair,Sports,Football,2111.08,1,2111.08,Delivered
ORD01900,29-08-2025,Amit Patel,South,Aarav Sharma,Sports,Cricket Bat,862.66,1,862.66,Delivered
ORD01810,29-08-2025,Rajesh Malhotra,South,Vikram Singh,Electronics,Smartwatch,69034.96,2,138069.92,Pending
ORD00166,30-08-2025,Manish Reddy,South,Priya Nair,Groceries,Cooking Oil 1L,1840.62,1,1840.62,Delivered
ORD02279,30-08-2025,Riya Shah,Central,Anjali Gupta,Furniture,Study Table,13415.52,1,13415.52,Delivered
ORD01271,31-08-2025,Manish Kapoor,East,Priya Nair,Groceries,Atta 10kg,1215.48,5,6077.4,Delivered
ORD00028,31-08-2025,Isha Kumar,East,Sneha Iyer,Groceries,Spices Pack,2174,1,2174,Delivered
ORD00719,31-08-2025,Pooja Kumar,South,Karan Verma,Electronics,Smartphone,15874.96,1,15874.96,Delivered
ORD02041,31-08-2025,Nikhil Malhotra,North,Vikram Singh,Electronics,Smartwatch,29182.64,2,58365.28,Delivered
ORD00968,31-08-2025,Gaurav Malhotra,Central,Neha Reddy,Electronics,Tablet,39334.3,1,39334.3,Delivered
ORD00293,02-09-2025,Isha Shah,West,Priya Nair,Electronics,Laptop,25892.45,2,51784.9,Delivered
ORD01752,02-09-2025,Pooja Shah,South,Aarav Sharma,Electronics,Smartphone,16242.91,1,16242.91,Delivered
ORD02116,02-09-2025,Sanjay Nair,North,Priya Nair,Groceries,Atta 10kg,1776.67,1,1776.67,Pending
ORD02156,03-09-2025,Nikhil Patel,East,Rohan Mehta,Sports,Dumbbells Set,709.29,1,709.29,Pending
ORD02245,03-09-2025,Amit Desai,North,Karan Verma,Electronics,Tablet,66634.69,1,66634.69,Pending
ORD01050,03-09-2025,Riya Desai,South,Arjun Rao,Electronics,Laptop,64762.05,1,64762.05,Delivered
ORD01755,03-09-2025,Manish Nair,Central,Priya Nair,Clothing,Jeans,687.39,1,687.39,Delivered
ORD00244,03-09-2025,Manish Desai,North,Sneha Iyer,Clothing,Jeans,1210.81,1,1210.81,Pending
ORD00270,03-09-2025,Shreya Malhotra,East,Sneha Iyer,Furniture,Study Table,10439.41,3,31318.23,Pending
ORD02023,03-09-2025,Shreya Kapoor,South,Arjun Rao,Groceries,Spices Pack,825.4,1,825.4,Cancelled
ORD00348,04-09-2025,Riya Reddy,South,Sneha Iyer,Electronics,Tablet,39509.43,1,39509.43,Delivered
ORD01569,05-09-2025,Isha Joshi,North,Karan Verma,Clothing,T-Shirt,2532.95,1,2532.95,Cancelled
ORD02103,05-09-2025,Isha Kumar,West,Karan Verma,Sports,Dumbbells Set,3690.23,3,11070.69,Cancelled
ORD00800,06-09-2025,Sanjay Kumar,East,Sneha Iyer,Sports,Yoga Mat,7139.7,1,7139.7,Delivered
ORD02071,06-09-2025,Kavya Kapoor,Central,Priya Nair,Clothing,Formal Shirt,2465.57,2,4931.14,Cancelled
ORD01762,06-09-2025,Pooja Malhotra,East,Sneha Iyer,Clothing,Jeans,3370.14,2,6740.28,Pending
ORD02181,06-09-2025,Nikhil Joshi,Central,Rohan Mehta,Furniture,Sofa,7575.46,1,7575.46,Cancelled
ORD00567,07-09-2025,Riya Kapoor,West,Vikram Singh,Sports,Cricket Bat,3961.16,2,7922.32,Cancelled
ORD01348,08-09-2025,Sanjay Shah,East,Vikram Singh,Clothing,Formal Shirt,3736.15,1,3736.15,Delivered
ORD00827,08-09-2025,Riya Reddy,West,Arjun Rao,Electronics,Laptop,47813.13,1,47813.13,Delivered
ORD02235,08-09-2025,Manish Kapoor,North,Priya Nair,Furniture,Sofa,14432.91,2,28865.82,Delivered
ORD01812,08-09-2025,Shreya Desai,Central,Divya Menon,Groceries,Atta 10kg,1025.32,3,3075.96,Delivered
ORD02450,08-09-2025,Rajesh Joshi,Central,Arjun Rao,Groceries,Atta 10kg,809.3,2,1618.6,Delivered
ORD01514,08-09-2025,Riya Rao,West,Sneha Iyer,Groceries,Cooking Oil 1L,1959.59,1,1959.59,Delivered
ORD01162,10-09-2025,Pooja Reddy,West,Aarav Sharma,Sports,Cricket Bat,5040.21,1,5040.21,Pending
ORD00323,10-09-2025,Meera Shah,South,Rohan Mehta,Electronics,Headphones,69590.74,1,69590.74,Delivered
ORD01414,11-09-2025,Kavya Kapoor,North,Sneha Iyer,Groceries,Spices Pack,1884.61,1,1884.61,Delivered
ORD01059,11-09-2025,Gaurav Kapoor,West,Vikram Singh,Groceries,Cooking Oil 1L,991.51,1,991.51,Cancelled
ORD00607,11-09-2025,Gaurav Joshi,South,Divya Menon,Groceries,Spices Pack,2409.05,1,2409.05,Delivered
ORD00601,11-09-2025,Suresh Kapoor,East,Divya Menon,Electronics,Headphones,38272.83,1,38272.83,Delivered
ORD02027,12-09-2025,Rajesh Shah,West,Anjali Gupta,Clothing,Jacket,1864.97,3,5594.91,Delivered
ORD00391,12-09-2025,Nikhil Nair,West,Neha Reddy,Clothing,Jacket,797.55,1,797.55,Delivered
ORD01231,12-09-2025,Vivek Rao,South,Vikram Singh,Electronics,Smartphone,73350.8,1,73350.8,Delivered
ORD02295,13-09-2025,Riya Reddy,East,Vikram Singh,Clothing,Formal Shirt,2927,1,2927,Delivered
ORD00713,13-09-2025,Rahul Desai,East,Arjun Rao,Groceries,Cooking Oil 1L,1800.6,2,3601.2,Pending
ORD00961,14-09-2025,Riya Kapoor,Central,Sneha Iyer,Clothing,Formal Shirt,3395.78,1,3395.78,Delivered
ORD00077,14-09-2025,Isha Shah,South,Anjali Gupta,Clothing,Jacket,2315.61,1,2315.61,Delivered
ORD01876,14-09-2025,Pooja Malhotra,North,Aarav Sharma,Furniture,Office Chair,8983.14,1,8983.14,Delivered
ORD00335,14-09-2025,Amit Reddy,North,Neha Reddy,Clothing,Formal Shirt,3634.82,2,7269.64,Delivered
ORD00840,14-09-2025,Amit Nair,Central,Arjun Rao,Sports,Cricket Bat,5611.64,1,5611.64,Delivered
ORD00945,15-09-2025,Vivek Shah,Central,Rohan Mehta,Electronics,Headphones,56230.16,1,56230.16,Delivered
ORD01307,15-09-2025,Kavya Malhotra,North,Anjali Gupta,Groceries,Rice 5kg,1663.57,1,1663.57,Delivered
ORD02400,15-09-2025,Nikhil Reddy,South,Vikram Singh,Electronics,Laptop,22376.82,1,22376.82,Cancelled
ORD00217,15-09-2025,Nikhil Desai,Central,Anjali Gupta,Clothing,Formal Shirt,3318.47,1,3318.47,Delivered
ORD01769,15-09-2025,Sonal Shah,North,Priya Nair,Furniture,Sofa,1995.4,2,3990.8,Delivered
ORD02344,15-09-2025,Tarun Nair,South,Anjali Gupta,Sports,Dumbbells Set,3839.01,1,3839.01,Delivered
ORD01719,16-09-2025,Nikhil Kapoor,North,Rohan Mehta,Groceries,Spices Pack,339.19,1,339.19,Delivered
ORD02188,16-09-2025,Gaurav Rao,West,Karan Verma,Clothing,Jeans,3657.93,3,10973.79,Delivered
ORD01496,16-09-2025,Rajesh Patel,North,Divya Menon,Groceries,Cooking Oil 1L,1591.22,1,1591.22,Delivered
ORD02205,16-09-2025,Manish Kumar,South,Vikram Singh,Furniture,Bookshelf,23547.3,1,23547.3,Delivered
ORD01402,16-09-2025,Pooja Reddy,West,Anjali Gupta,Clothing,Jeans,3592.86,1,3592.86,Delivered
ORD01879,16-09-2025,Vivek Patel,North,Arjun Rao,Electronics,Headphones,19708.48,1,19708.48,Delivered
ORD02212,16-09-2025,Rahul Shah,West,Arjun Rao,Furniture,Sofa,22398.32,1,22398.32,Delivered
ORD01467,17-09-2025,Sanjay Malhotra,North,Priya Nair,Furniture,Sofa,10262.45,2,20524.9,Cancelled
ORD01691,17-09-2025,Rajesh Desai,West,Arjun Rao,Clothing,Jacket,3462.1,1,3462.1,Delivered
ORD01008,17-09-2025,Pooja Desai,Central,Rohan Mehta,Clothing,Jeans,1882.29,1,1882.29,Cancelled
ORD01479,18-09-2025,Riya Rao,South,Neha Reddy,Electronics,Laptop,33536.37,2,67072.74,Pending
ORD01247,18-09-2025,Ananya Joshi,West,Rohan Mehta,Furniture,Study Table,10615.62,1,10615.62,Delivered
ORD01705,19-09-2025,Gaurav Reddy,Central,Karan Verma,Electronics,Laptop,60232.2,2,120464.4,Delivered
ORD00638,19-09-2025,Isha Kapoor,North,Neha Reddy,Electronics,Smartphone,30809.62,1,30809.62,Pending
ORD01112,19-09-2025,Sanjay Shah,South,Neha Reddy,Electronics,Headphones,65515.48,1,65515.48,Delivered
ORD02149,20-09-2025,Rajesh Kapoor,North,Priya Nair,Sports,Cricket Bat,3698.2,1,3698.2,Delivered
ORD00250,20-09-2025,Rahul Kapoor,North,Aarav Sharma,Electronics,Smartphone,8929.54,1,8929.54,Delivered
ORD00185,20-09-2025,Anita Nair,Central,Sneha Iyer,Clothing,T-Shirt,1768.7,1,1768.7,Pending
ORD01567,20-09-2025,Suresh Shah,North,Vikram Singh,Groceries,Atta 10kg,1092.75,3,3278.25,Delivered
ORD02066,20-09-2025,Amit Kumar,Central,Neha Reddy,Sports,Cricket Bat,845.19,1,845.19,Pending
ORD02418,20-09-2025,Anita Desai,East,Anjali Gupta,Groceries,Spices Pack,767.1,1,767.1,Delivered
ORD01379,20-09-2025,Shreya Rao,East,Arjun Rao,Furniture,Study Table,9642.77,1,9642.77,Pending
ORD00394,21-09-2025,Riya Desai,East,Arjun Rao,Clothing,Jacket,3416.47,2,6832.94,Cancelled
ORD02368,21-09-2025,Rajesh Desai,North,Neha Reddy,Groceries,Atta 10kg,2410.97,3,7232.91,Delivered
ORD00864,21-09-2025,Gaurav Kapoor,North,Divya Menon,Groceries,Spices Pack,2026.37,1,2026.37,Delivered
ORD00604,21-09-2025,Nikhil Reddy,North,Aarav Sharma,Groceries,Cooking Oil 1L,1407.03,1,1407.03,Delivered
ORD00527,21-09-2025,Sonal Desai,Central,Aarav Sharma,Groceries,Atta 10kg,2458.05,1,2458.05,Delivered
ORD01401,22-09-2025,Riya Nair,Central,Sneha Iyer,Groceries,Rice 5kg,1716.91,1,1716.91,Cancelled
ORD00078,22-09-2025,Shreya Joshi,South,Arjun Rao,Furniture,Study Table,14753.18,2,29506.36,Delivered
ORD00951,22-09-2025,Meera Nair,East,Arjun Rao,Sports,Cricket Bat,5377.56,1,5377.56,Pending
ORD00592,22-09-2025,Aditi Malhotra,Central,Priya Nair,Groceries,Rice 5kg,922.22,1,922.22,Delivered
ORD00899,22-09-2025,Pooja Kumar,Central,Rohan Mehta,Groceries,Rice 5kg,407.64,1,407.64,Delivered
ORD01614,22-09-2025,Pooja Shah,Central,Neha Reddy,Furniture,Sofa,18557.55,2,37115.1,Delivered
ORD01000,22-09-2025,Anita Nair,East,Karan Verma,Groceries,Cooking Oil 1L,2457.74,1,2457.74,Delivered
ORD02098,23-09-2025,Gaurav Shah,West,Rohan Mehta,Electronics,Smartwatch,29497.17,1,29497.17,Delivered
ORD02488,23-09-2025,Anita Desai,East,Neha Reddy,Furniture,Bookshelf,9159.86,1,9159.86,Pending
ORD01581,24-09-2025,Nikhil Kapoor,West,Arjun Rao,Groceries,Spices Pack,2236.25,1,2236.25,Delivered
ORD02093,24-09-2025,Rajesh Reddy,East,Arjun Rao,Electronics,Smartphone,65371.19,1,65371.19,Delivered
ORD01230,24-09-2025,Manish Patel,West,Neha Reddy,Clothing,Formal Shirt,2918.36,1,2918.36,Delivered
ORD00756,24-09-2025,Shreya Patel,East,Aarav Sharma,Sports,Cricket Bat,5301.48,1,5301.48,Pending
ORD00574,25-09-2025,Kavya Patel,South,Sneha Iyer,Clothing,Jacket,2048.9,1,2048.9,Pending
ORD00553,25-09-2025,Suresh Patel,South,Divya Menon,Electronics,Laptop,8362.84,1,8362.84,Delivered
ORD00786,25-09-2025,Vivek Rao,North,Karan Verma,Sports,Dumbbells Set,748.43,1,748.43,Delivered
ORD01707,25-09-2025,Amit Malhotra,South,Rohan Mehta,Clothing,T-Shirt,652.71,5,3263.55,Delivered
ORD01329,25-09-2025,Rahul Patel,South,Priya Nair,Groceries,Rice 5kg,409.15,2,818.3,Cancelled
ORD01844,26-09-2025,Rahul Nair,East,Rohan Mehta,Electronics,Laptop,38803.75,2,77607.5,Delivered
ORD02170,26-09-2025,Vivek Patel,East,Karan Verma,Electronics,Headphones,23898.65,1,23898.65,Delivered
ORD01664,26-09-2025,Anita Patel,West,Neha Reddy,Groceries,Spices Pack,1256.58,3,3769.74,Delivered
ORD01040,26-09-2025,Ananya Patel,Central,Aarav Sharma,Clothing,T-Shirt,818.85,1,818.85,Delivered
ORD01487,26-09-2025,Isha Malhotra,North,Priya Nair,Clothing,Jacket,3146.28,1,3146.28,Cancelled
ORD00094,26-09-2025,Suresh Rao,West,Neha Reddy,Clothing,Jeans,3356.53,1,3356.53,Cancelled
ORD00406,26-09-2025,Manish Joshi,East,Vikram Singh,Electronics,Headphones,19168.68,1,19168.68,Delivered
ORD00617,27-09-2025,Tarun Reddy,West,Divya Menon,Groceries,Cooking Oil 1L,2051.55,1,2051.55,Delivered
ORD01131,27-09-2025,Suresh Reddy,East,Divya Menon,Clothing,Jacket,1494.96,2,2989.92,Delivered
ORD01586,27-09-2025,Kavya Kapoor,Central,Aarav Sharma,Groceries,Spices Pack,304.89,1,304.89,Delivered
ORD00799,27-09-2025,Sanjay Kapoor,North,Neha Reddy,Clothing,Jeans,1694.07,2,3388.14,Delivered
ORD01627,27-09-2025,Suresh Desai,North,Divya Menon,Furniture,Office Chair,5599.49,1,5599.49,Delivered
ORD01459,28-09-2025,Anita Desai,West,Anjali Gupta,Furniture,Sofa,23996.95,5,119984.75,Pending
ORD00275,28-09-2025,Gaurav Shah,Central,Aarav Sharma,Groceries,Rice 5kg,2473.67,1,2473.67,Delivered
ORD00988,28-09-2025,Shreya Malhotra,South,Divya Menon,Furniture,Office Chair,7374.04,1,7374.04,Delivered
ORD00433,28-09-2025,Rahul Nair,South,Anjali Gupta,Furniture,Bookshelf,6446.91,2,12893.82,Delivered
ORD02135,29-09-2025,Isha Malhotra,South,Arjun Rao,Clothing,Jacket,2873.83,1,2873.83,Delivered
ORD02150,29-09-2025,Vivek Malhotra,North,Priya Nair,Furniture,Sofa,5851.63,1,5851.63,Delivered
ORD01682,29-09-2025,Shreya Kapoor,East,Rohan Mehta,Groceries,Rice 5kg,916.54,1,916.54,Cancelled
ORD00903,29-09-2025,Kavya Malhotra,West,Rohan Mehta,Groceries,Rice 5kg,731.26,1,731.26,Delivered
ORD00964,30-09-2025,Isha Kumar,North,Neha Reddy,Electronics,Smartphone,67458.22,1,67458.22,Delivered
ORD02334,01-10-2025,Manish Joshi,South,Rohan Mehta,Clothing,Formal Shirt,2507.69,3,10532.3,Cancelled
ORD01004,01-10-2025,Gaurav Shah,West,Divya Menon,Electronics,Tablet,72053.66,2,201750.25,Delivered
ORD00022,01-10-2025,Nikhil Shah,North,Priya Nair,Groceries,Spices Pack,430.05,1,602.07,Delivered
ORD02004,01-10-2025,Shreya Nair,West,Priya Nair,Furniture,Study Table,1770.2,1,2478.28,Delivered
ORD01032,01-10-2025,Nikhil Kumar,Central,Arjun Rao,Clothing,Formal Shirt,1890.13,1,2646.18,Pending
ORD01889,01-10-2025,Ananya Shah,Central,Neha Reddy,Groceries,Cooking Oil 1L,1894.94,1,2652.92,Delivered
ORD01757,02-10-2025,Amit Kapoor,West,Anjali Gupta,Furniture,Study Table,19957.4,1,27940.36,Pending
ORD00552,02-10-2025,Meera Reddy,South,Priya Nair,Furniture,Office Chair,7816.74,1,10943.44,Cancelled
ORD02487,02-10-2025,Suresh Desai,West,Karan Verma,Electronics,Smartwatch,71713.09,1,100398.33,Delivered
ORD02319,02-10-2025,Vivek Kumar,West,Rohan Mehta,Furniture,Sofa,16659.49,1,23323.29,Delivered
ORD01343,02-10-2025,Meera Shah,South,Priya Nair,Furniture,Study Table,11081.9,2,31029.32,Cancelled
ORD01323,02-10-2025,Shreya Reddy,West,Karan Verma,Electronics,Laptop,54373.73,1,76123.22,Delivered
ORD02474,03-10-2025,Suresh Patel,Central,Vikram Singh,Electronics,Headphones,44472.1,1,62260.94,Delivered
ORD02117,03-10-2025,Aditi Joshi,East,Priya Nair,Clothing,T-Shirt,482.99,3,2028.56,Delivered
ORD00859,04-10-2025,Gaurav Malhotra,East,Karan Verma,Electronics,Laptop,23814.56,1,33340.38,Cancelled
ORD02493,04-10-2025,Sanjay Malhotra,South,Sneha Iyer,Electronics,Laptop,77623.07,5,543361.49,Delivered
ORD00106,05-10-2025,Ananya Patel,South,Divya Menon,Electronics,Tablet,7889.26,2,22089.93,Delivered
ORD00900,05-10-2025,Meera Kapoor,South,Aarav Sharma,Electronics,Tablet,15138.36,2,42387.41,Pending
ORD01789,05-10-2025,Suresh Patel,East,Neha Reddy,Groceries,Spices Pack,2065.93,1,2892.3,Delivered
ORD00336,05-10-2025,Tarun Kapoor,West,Vikram Singh,Sports,Cricket Bat,2057.41,1,2880.37,Delivered
ORD01528,05-10-2025,Vivek Patel,South,Vikram Singh,Furniture,Sofa,10296.9,1,14415.66,Delivered
ORD01259,06-10-2025,Aditi Reddy,South,Karan Verma,Groceries,Spices Pack,1252.57,1,1753.6,Delivered
ORD01013,07-10-2025,Nikhil Joshi,South,Karan Verma,Groceries,Atta 10kg,406.16,2,1137.25,Delivered
ORD00823,07-10-2025,Pooja Kumar,East,Anjali Gupta,Electronics,Tablet,48121.49,2,134740.17,Delivered
ORD02455,07-10-2025,Rahul Shah,South,Aarav Sharma,Groceries,Atta 10kg,2374.47,1,3324.26,Pending
ORD01766,07-10-2025,Rajesh Malhotra,North,Vikram Singh,Electronics,Headphones,4265.03,1,5971.04,Delivered
ORD02089,08-10-2025,Vivek Rao,North,Anjali Gupta,Furniture,Office Chair,21067.31,2,58988.47,Pending
ORD00095,09-10-2025,Manish Joshi,East,Rohan Mehta,Electronics,Smartwatch,58335.7,2,163339.96,Delivered
ORD00201,09-10-2025,Pooja Joshi,East,Neha Reddy,Clothing,Formal Shirt,1777.09,1,2487.93,Delivered
ORD01390,09-10-2025,Amit Reddy,South,Divya Menon,Electronics,Smartphone,69016.21,1,96622.69,Delivered
ORD02076,09-10-2025,Shreya Malhotra,South,Rohan Mehta,Electronics,Headphones,20404.24,1,28565.94,Delivered
ORD00197,09-10-2025,Pooja Desai,North,Priya Nair,Furniture,Study Table,9842.41,1,13779.37,Pending
ORD00788,10-10-2025,Ananya Nair,East,Sneha Iyer,Sports,Cricket Bat,4377.41,1,6128.37,Cancelled
ORD01795,11-10-2025,Tarun Rao,Central,Arjun Rao,Sports,Cricket Bat,7085.62,1,9919.87,Cancelled
ORD01943,11-10-2025,Kavya Malhotra,South,Priya Nair,Electronics,Smartwatch,36644.41,1,51302.17,Delivered
ORD00358,11-10-2025,Anita Joshi,East,Anjali Gupta,Electronics,Tablet,25707.52,1,35990.53,Delivered
ORD00833,12-10-2025,Nikhil Rao,North,Arjun Rao,Groceries,Spices Pack,1214.44,1,1700.22,Cancelled
ORD02034,12-10-2025,Sanjay Kumar,South,Karan Verma,Clothing,T-Shirt,993.81,1,1391.33,Delivered
ORD01596,12-10-2025,Nikhil Desai,North,Vikram Singh,Electronics,Smartwatch,21918.52,2,61371.86,Delivered
ORD02213,12-10-2025,Amit Malhotra,East,Sneha Iyer,Clothing,Formal Shirt,2030.89,2,5686.49,Delivered
ORD00515,13-10-2025,Suresh Reddy,North,Arjun Rao,Furniture,Office Chair,13948.28,2,39055.18,Delivered
ORD02018,13-10-2025,Anita Kapoor,West,Karan Verma,Furniture,Sofa,21397.47,1,29956.46,Delivered
ORD02269,13-10-2025,Pooja Patel,South,Vikram Singh,Sports,Dumbbells Set,5429.7,1,7601.58,Pending
ORD02140,13-10-2025,Suresh Kumar,North,Neha Reddy,Electronics,Smartphone,62904.41,1,88066.17,Delivered
ORD01817,13-10-2025,Riya Desai,South,Neha Reddy,Furniture,Study Table,20857.76,1,29200.86,Delivered
ORD01395,13-10-2025,Rahul Kumar,West,Priya Nair,Electronics,Headphones,38423.46,1,53792.84,Delivered
ORD02447,13-10-2025,Sanjay Joshi,Central,Anjali Gupta,Groceries,Rice 5kg,1094.32,1,1532.05,Cancelled
ORD02221,14-10-2025,Ananya Malhotra,Central,Neha Reddy,Sports,Cricket Bat,4403.22,1,6164.51,Cancelled
ORD01110,14-10-2025,Meera Reddy,South,Karan Verma,Furniture,Bookshelf,20174.99,2,56489.97,Cancelled
ORD00053,14-10-2025,Sanjay Shah,Central,Karan Verma,Electronics,Laptop,66105.08,2,185094.22,Cancelled
ORD01030,15-10-2025,Ananya Desai,West,Neha Reddy,Groceries,Cooking Oil 1L,127.66,1,178.72,Cancelled
ORD01141,15-10-2025,Pooja Desai,East,Arjun Rao,Sports,Yoga Mat,5656.72,2,15838.82,Cancelled
ORD02314,16-10-2025,Rahul Nair,East,Sneha Iyer,Groceries,Spices Pack,1978.56,1,2769.98,Delivered
ORD00254,16-10-2025,Amit Kapoor,East,Arjun Rao,Electronics,Tablet,53451.09,1,74831.53,Delivered
ORD01057,16-10-2025,Meera Malhotra,Central,Sneha Iyer,Sports,Football,6669.12,1,9336.77,Delivered
ORD01410,16-10-2025,Riya Nair,North,Divya Menon,Furniture,Study Table,9848.78,1,13788.29,Delivered
ORD02218,16-10-2025,Aditi Desai,South,Sneha Iyer,Furniture,Sofa,21914.31,1,30680.03,Delivered
ORD00780,16-10-2025,Amit Malhotra,North,Vikram Singh,Electronics,Laptop,66755.82,1,93458.15,Cancelled
ORD00289,16-10-2025,Sonal Kapoor,South,Rohan Mehta,Clothing,Jeans,2806.86,1,3929.6,Pending
ORD00484,17-10-2025,Kavya Reddy,South,Sneha Iyer,Electronics,Smartwatch,26469.11,1,37056.75,Delivered
ORD01954,18-10-2025,Rahul Shah,North,Arjun Rao,Furniture,Office Chair,24377.42,1,34128.39,Delivered
ORD01436,18-10-2025,Rahul Patel,North,Arjun Rao,Groceries,Cooking Oil 1L,1081.22,1,1513.71,Cancelled
ORD01601,19-10-2025,Shreya Rao,Central,Karan Verma,Clothing,Jeans,2417.7,2,6769.56,Delivered
ORD00707,19-10-2025,Nikhil Joshi,North,Anjali Gupta,Electronics,Laptop,2288.79,1,3204.31,Delivered
ORD00195,19-10-2025,Rajesh Shah,East,Vikram Singh,Furniture,Study Table,11976.09,2,33533.05,Delivered
ORD01387,19-10-2025,Rahul Kumar,North,Neha Reddy,Clothing,Formal Shirt,2037.86,1,2853,Delivered
ORD01055,19-10-2025,Amit Shah,South,Vikram Singh,Electronics,Smartphone,64381.49,1,90134.09,Pending
ORD00974,20-10-2025,Sonal Kapoor,West,Vikram Singh,Electronics,Headphones,66463.38,2,186097.46,Pending
ORD01980,20-10-2025,Pooja Reddy,East,Rohan Mehta,Electronics,Tablet,25206.05,1,35288.47,Cancelled
ORD02228,20-10-2025,Shreya Kumar,Central,Neha Reddy,Electronics,Tablet,72811.09,1,101935.53,Delivered
ORD00368,21-10-2025,Pooja Rao,East,Arjun Rao,Clothing,Formal Shirt,1444.16,2,4043.65,Pending
ORD00021,21-10-2025,Kavya Joshi,East,Sneha Iyer,Furniture,Bookshelf,1889.81,1,2645.73,Delivered
ORD00353,22-10-2025,Pooja Desai,South,Neha Reddy,Groceries,Cooking Oil 1L,2115.18,1,2961.25,Pending
ORD00422,22-10-2025,Vivek Rao,North,Priya Nair,Sports,Dumbbells Set,6930.05,1,9702.07,Delivered
ORD01717,22-10-2025,Rajesh Nair,South,Arjun Rao,Sports,Football,2258.42,2,6323.58,Delivered
ORD00618,22-10-2025,Sanjay Reddy,North,Divya Menon,Electronics,Smartwatch,73966.32,1,103552.85,Pending
ORD02198,22-10-2025,Pooja Desai,North,Divya Menon,Sports,Football,7304.76,3,30679.99,Pending
ORD02184,22-10-2025,Rahul Kapoor,West,Karan Verma,Sports,Dumbbells Set,7304.03,1,10225.64,Delivered
ORD00379,23-10-2025,Meera Kumar,South,Arjun Rao,Sports,Cricket Bat,1860.27,1,2604.38,Delivered
ORD00593,24-10-2025,Rajesh Joshi,North,Aarav Sharma,Clothing,Jeans,2651.56,2,7424.37,Pending
ORD01113,24-10-2025,Meera Nair,Central,Arjun Rao,Electronics,Smartphone,74581.28,2,208827.58,Delivered
ORD01621,24-10-2025,Rahul Rao,North,Divya Menon,Sports,Cricket Bat,3629.08,2,10161.42,Delivered
ORD00545,24-10-2025,Anita Kumar,Central,Priya Nair,Furniture,Sofa,12869.36,1,18017.1,Cancelled
ORD01377,24-10-2025,Ananya Desai,Central,Rohan Mehta,Furniture,Study Table,8511.94,1,11916.72,Delivered
ORD02360,24-10-2025,Shreya Rao,East,Rohan Mehta,Groceries,Atta 10kg,1019.07,2,2853.4,Delivered
ORD01609,24-10-2025,Aditi Reddy,South,Karan Verma,Clothing,Formal Shirt,1056.91,1,1479.67,Delivered
ORD00954,24-10-2025,Aditi Joshi,East,Rohan Mehta,Furniture,Study Table,13257,1,18559.8,Delivered
ORD00102,25-10-2025,Vivek Desai,North,Anjali Gupta,Groceries,Spices Pack,1105.42,2,3095.18,Delivered
ORD00312,25-10-2025,Amit Kapoor,East,Priya Nair,Clothing,Jeans,3846.81,1,5385.53,Delivered
ORD00192,25-10-2025,Nikhil Kumar,East,Sneha Iyer,Clothing,Formal Shirt,2817.13,2,7887.96,Delivered
ORD00238,25-10-2025,Gaurav Joshi,West,Rohan Mehta,Furniture,Study Table,24576.28,1,34406.79,Pending
ORD00861,25-10-2025,Tarun Desai,North,Priya Nair,Electronics,Laptop,24174.49,1,33844.29,Delivered
ORD01068,25-10-2025,Suresh Rao,South,Neha Reddy,Furniture,Bookshelf,11479.96,1,16071.94,Delivered
ORD01592,25-10-2025,Suresh Joshi,South,Rohan Mehta,Electronics,Smartwatch,30583.62,1,42817.07,Delivered
ORD01690,26-10-2025,Suresh Reddy,Central,Priya Nair,Groceries,Cooking Oil 1L,400.64,1,560.9,Pending
ORD01711,26-10-2025,Sanjay Desai,West,Rohan Mehta,Sports,Dumbbells Set,6223.08,2,17424.62,Cancelled
ORD00334,26-10-2025,Manish Nair,West,Karan Verma,Clothing,Jeans,1203.75,1,1685.25,Delivered
ORD01202,26-10-2025,Gaurav Shah,Central,Divya Menon,Groceries,Spices Pack,759.25,1,1062.95,Cancelled
ORD02477,26-10-2025,Suresh Patel,East,Karan Verma,Clothing,Jacket,3562.16,1,4987.02,Delivered
ORD02437,26-10-2025,Ananya Reddy,South,Sneha Iyer,Groceries,Atta 10kg,725.51,1,1015.71,Delivered
ORD01831,26-10-2025,Manish Desai,South,Anjali Gupta,Sports,Football,2900.72,1,4061.01,Cancelled
ORD00091,26-10-2025,Ananya Reddy,East,Vikram Singh,Furniture,Sofa,10521.44,1,14730.02,Pending
ORD01866,27-10-2025,Suresh Malhotra,West,Divya Menon,Groceries,Spices Pack,602.52,1,843.53,Delivered
ORD01540,27-10-2025,Isha Shah,West,Anjali Gupta,Electronics,Tablet,8666.41,1,12132.97,Cancelled
ORD00262,27-10-2025,Sanjay Patel,North,Sneha Iyer,Electronics,Tablet,77929.68,1,109101.55,Pending
ORD00307,27-10-2025,Sanjay Kumar,South,Sneha Iyer,Sports,Dumbbells Set,6110.58,1,8554.81,Pending
ORD01347,28-10-2025,Riya Joshi,East,Neha Reddy,Groceries,Rice 5kg,1728.14,1,2419.4,Delivered
ORD01852,28-10-2025,Isha Patel,Central,Divya Menon,Sports,Cricket Bat,1735.32,1,2429.45,Delivered
ORD01611,28-10-2025,Anita Shah,North,Neha Reddy,Electronics,Smartphone,75657.91,1,105921.07,Delivered
ORD00452,29-10-2025,Pooja Shah,South,Anjali Gupta,Groceries,Cooking Oil 1L,1728.4,1,2419.76,Delivered
ORD01028,30-10-2025,Manish Shah,East,Aarav Sharma,Electronics,Tablet,20837.49,1,29172.49,Delivered
ORD00376,30-10-2025,Suresh Shah,West,Rohan Mehta,Sports,Dumbbells Set,2589.14,1,3624.8,Delivered
ORD00821,31-10-2025,Riya Joshi,North,Aarav Sharma,Electronics,Smartwatch,19722.2,1,27611.08,Cancelled
ORD02006,31-10-2025,Tarun Kumar,West,Aarav Sharma,Electronics,Smartphone,29247.51,2,81893.03,Delivered
ORD01791,31-10-2025,Tarun Joshi,East,Priya Nair,Groceries,Spices Pack,1353.07,1,1894.3,Delivered
ORD01565,31-10-2025,Manish Desai,Central,Sneha Iyer,Clothing,T-Shirt,922.24,1,1291.14,Cancelled
ORD01930,01-11-2025,Gaurav Joshi,North,Arjun Rao,Clothing,T-Shirt,3412.57,1,4777.6,Delivered
ORD02122,01-11-2025,Anita Kapoor,South,Aarav Sharma,Electronics,Smartphone,48921.84,2,136981.15,Delivered
ORD00216,02-11-2025,Manish Patel,Central,Sneha Iyer,Groceries,Atta 10kg,738.04,1,1033.26,Delivered
ORD00395,02-11-2025,Pooja Reddy,Central,Priya Nair,Clothing,Jacket,2161.76,1,3026.46,Delivered
ORD01686,03-11-2025,Pooja Rao,South,Anjali Gupta,Groceries,Rice 5kg,439.85,1,615.79,Pending
ORD01750,03-11-2025,Shreya Joshi,South,Arjun Rao,Clothing,Jeans,1073.4,1,1502.76,Delivered
ORD00288,03-11-2025,Aditi Kapoor,West,Aarav Sharma,Groceries,Cooking Oil 1L,321.48,1,450.07,Delivered
ORD01088,03-11-2025,Suresh Patel,East,Sneha Iyer,Electronics,Smartwatch,30476.53,2,85334.28,Delivered
ORD01651,04-11-2025,Nikhil Rao,North,Vikram Singh,Furniture,Study Table,12442.35,5,87096.45,Delivered
ORD02003,04-11-2025,Manish Patel,North,Anjali Gupta,Electronics,Smartphone,60223.86,2,168626.81,Cancelled
ORD00067,04-11-2025,Shreya Nair,West,Karan Verma,Groceries,Atta 10kg,1348.39,2,3775.49,Cancelled
ORD01927,04-11-2025,Kavya Joshi,North,Arjun Rao,Clothing,Jeans,655.27,2,1834.76,Delivered
ORD01591,05-11-2025,Aditi Patel,North,Sneha Iyer,Sports,Yoga Mat,6708.97,1,9392.56,Delivered
ORD01562,05-11-2025,Rahul Rao,South,Neha Reddy,Electronics,Tablet,63878.4,1,89429.76,Delivered
ORD00350,05-11-2025,Suresh Desai,Central,Sneha Iyer,Electronics,Headphones,23492.74,1,32889.84,Delivered
ORD01549,05-11-2025,Ananya Shah,West,Priya Nair,Clothing,T-Shirt,428.24,1,599.54,Pending
ORD00469,05-11-2025,Anita Desai,North,Priya Nair,Electronics,Tablet,74832.45,1,104765.43,Delivered
ORD00804,06-11-2025,Kavya Joshi,North,Divya Menon,Clothing,T-Shirt,2416.42,1,3382.99,Delivered
ORD00060,06-11-2025,Manish Reddy,Central,Arjun Rao,Groceries,Cooking Oil 1L,650.55,1,910.77,Delivered
ORD02250,06-11-2025,Shreya Kumar,North,Anjali Gupta,Furniture,Office Chair,19808.8,1,27732.32,Delivered
ORD01014,06-11-2025,Amit Reddy,South,Rohan Mehta,Electronics,Tablet,42628.17,2,119358.88,Delivered
ORD02323,07-11-2025,Kavya Reddy,East,Aarav Sharma,Electronics,Tablet,40965.86,2,114704.41,Pending
ORD01522,07-11-2025,Suresh Desai,South,Karan Verma,Groceries,Atta 10kg,741.63,1,1038.28,Delivered
ORD01692,08-11-2025,Manish Kapoor,North,Anjali Gupta,Electronics,Headphones,38233.62,1,53527.07,Delivered
ORD00662,08-11-2025,Pooja Patel,West,Divya Menon,Electronics,Laptop,29570.91,1,41399.27,Delivered
ORD01532,08-11-2025,Kavya Nair,Central,Arjun Rao,Electronics,Headphones,33451.98,1,46832.77,Cancelled
ORD01061,08-11-2025,Rahul Shah,South,Sneha Iyer,Electronics,Smartphone,65236.98,3,273995.32,Delivered
ORD00510,09-11-2025,Suresh Desai,East,Arjun Rao,Sports,Football,7959.07,1,11142.7,Cancelled
ORD00659,09-11-2025,Manish Patel,South,Vikram Singh,Sports,Football,6983.44,1,9776.82,Delivered
ORD00256,09-11-2025,Sonal Rao,Central,Rohan Mehta,Clothing,T-Shirt,1830.57,1,2562.8,Delivered
ORD01027,10-11-2025,Meera Kapoor,South,Vikram Singh,Furniture,Bookshelf,20469.46,1,28657.24,Pending
ORD00364,11-11-2025,Shreya Kumar,Central,Rohan Mehta,Electronics,Tablet,18644.68,1,26102.55,Delivered
ORD00251,11-11-2025,Nikhil Desai,South,Aarav Sharma,Clothing,T-Shirt,2356.74,1,3299.44,Cancelled
ORD02151,11-11-2025,Amit Nair,West,Arjun Rao,Furniture,Office Chair,16396.73,1,22955.42,Delivered
ORD01606,12-11-2025,Aditi Kapoor,Central,Aarav Sharma,Clothing,Jeans,3672.55,3,15424.71,Delivered
ORD01082,12-11-2025,Meera Nair,North,Anjali Gupta,Clothing,T-Shirt,2749.41,1,3849.17,Delivered
ORD01285,12-11-2025,Suresh Desai,West,Aarav Sharma,Clothing,T-Shirt,1558.65,1,2182.11,Delivered
ORD00635,13-11-2025,Tarun Reddy,East,Divya Menon,Clothing,Jeans,1517.11,1,2123.95,Delivered
ORD01653,14-11-2025,Riya Desai,Central,Priya Nair,Electronics,Headphones,20510.5,1,28714.7,Delivered
ORD01456,14-11-2025,Suresh Joshi,North,Aarav Sharma,Electronics,Smartwatch,2012.3,2,5634.44,Delivered
ORD01534,14-11-2025,Riya Kapoor,West,Karan Verma,Electronics,Tablet,50055.69,1,70077.97,Delivered
ORD02395,14-11-2025,Tarun Joshi,East,Aarav Sharma,Electronics,Smartwatch,59816.54,1,83743.16,Pending
ORD02147,15-11-2025,Kavya Kapoor,North,Vikram Singh,Electronics,Smartphone,68279.78,2,191183.38,Delivered
ORD00544,15-11-2025,Riya Kumar,South,Neha Reddy,Electronics,Smartwatch,58953.53,1,82534.94,Pending
ORD01289,15-11-2025,Vivek Shah,West,Karan Verma,Clothing,Formal Shirt,2556.83,5,17897.81,Delivered
ORD01229,16-11-2025,Kavya Shah,Central,Rohan Mehta,Groceries,Spices Pack,1226.3,1,1716.82,Delivered
ORD01125,16-11-2025,Rajesh Patel,East,Aarav Sharma,Groceries,Atta 10kg,2204.42,1,3086.19,Delivered
ORD01497,17-11-2025,Vivek Kumar,North,Anjali Gupta,Clothing,Jeans,1582.07,1,2214.9,Pending
ORD00569,17-11-2025,Suresh Nair,Central,Aarav Sharma,Electronics,Smartwatch,38565.61,2,107983.71,Delivered
ORD02302,17-11-2025,Vivek Reddy,Central,Aarav Sharma,Electronics,Laptop,53453.94,1,74835.52,Delivered
ORD01085,17-11-2025,Meera Kapoor,South,Aarav Sharma,Electronics,Headphones,45693.41,1,63970.77,Delivered
ORD00773,17-11-2025,Meera Desai,West,Aarav Sharma,Groceries,Cooking Oil 1L,746.65,1,1045.31,Delivered
ORD01184,17-11-2025,Manish Malhotra,Central,Aarav Sharma,Groceries,Atta 10kg,1317.75,1,1844.85,Pending
ORD01822,18-11-2025,Kavya Shah,South,Aarav Sharma,Electronics,Smartphone,59093.49,1,82730.89,Delivered
ORD02137,18-11-2025,Nikhil Patel,West,Priya Nair,Furniture,Bookshelf,14073.19,1,19702.47,Delivered
ORD00297,18-11-2025,Pooja Rao,North,Priya Nair,Electronics,Smartwatch,45655.7,1,63917.98,Delivered
ORD01012,18-11-2025,Riya Nair,Central,Neha Reddy,Electronics,Laptop,33050.8,1,46271.12,Delivered
ORD00499,18-11-2025,Rahul Malhotra,West,Neha Reddy,Electronics,Smartwatch,62641.53,1,87698.14,Pending
ORD02285,18-11-2025,Amit Nair,North,Arjun Rao,Furniture,Sofa,12920.29,1,18088.41,Pending
ORD01305,20-11-2025,Pooja Joshi,North,Vikram Singh,Sports,Yoga Mat,7512.5,2,21035,Delivered
ORD00789,20-11-2025,Vivek Nair,West,Priya Nair,Sports,Football,4028.44,1,5639.82,Delivered
ORD02178,20-11-2025,Amit Desai,West,Aarav Sharma,Clothing,Jeans,588.48,2,1647.74,Cancelled
ORD00932,20-11-2025,Rajesh Desai,North,Vikram Singh,Groceries,Rice 5kg,2294.66,2,6425.05,Delivered
ORD01431,20-11-2025,Rahul Patel,South,Neha Reddy,Furniture,Study Table,8774.88,1,12284.83,Delivered
ORD00568,20-11-2025,Gaurav Shah,East,Karan Verma,Furniture,Office Chair,13511.17,1,18915.64,Delivered
ORD00712,21-11-2025,Riya Patel,South,Anjali Gupta,Electronics,Smartwatch,12743.26,1,17840.56,Delivered
ORD00386,21-11-2025,Shreya Kumar,North,Vikram Singh,Clothing,T-Shirt,3714.76,1,5200.66,Pending
ORD02454,21-11-2025,Riya Nair,East,Vikram Singh,Clothing,T-Shirt,1217.27,1,1704.18,Delivered
ORD00528,22-11-2025,Tarun Reddy,East,Priya Nair,Electronics,Smartwatch,6256.1,1,8758.54,Cancelled
ORD00794,22-11-2025,Kavya Nair,Central,Divya Menon,Furniture,Sofa,5346.38,1,7484.93,Delivered
ORD02468,22-11-2025,Amit Malhotra,Central,Aarav Sharma,Electronics,Tablet,49316.54,1,69043.16,Cancelled
ORD00225,23-11-2025,Anita Kumar,East,Divya Menon,Sports,Dumbbells Set,6550.63,1,9170.88,Delivered
ORD00404,23-11-2025,Sanjay Malhotra,South,Neha Reddy,Furniture,Office Chair,20383.13,2,57072.76,Delivered
ORD02394,23-11-2025,Anita Joshi,North,Anjali Gupta,Electronics,Tablet,75604.71,1,105846.59,Delivered
ORD01223,24-11-2025,Shreya Kapoor,North,Rohan Mehta,Sports,Yoga Mat,4983.24,1,6976.54,Cancelled
ORD00973,24-11-2025,Ananya Patel,Central,Divya Menon,Sports,Cricket Bat,1417.31,2,3968.47,Delivered
ORD00633,24-11-2025,Nikhil Kapoor,Central,Vikram Singh,Groceries,Atta 10kg,420.87,3,1767.65,Pending
ORD01511,24-11-2025,Ananya Malhotra,South,Vikram Singh,Sports,Yoga Mat,5601.36,2,15683.81,Cancelled
ORD01502,24-11-2025,Anita Kapoor,North,Karan Verma,Groceries,Atta 10kg,818.72,5,5731.04,Delivered
ORD01674,24-11-2025,Riya Desai,West,Priya Nair,Groceries,Cooking Oil 1L,605.39,1,847.55,Cancelled
ORD00583,24-11-2025,Sonal Joshi,West,Rohan Mehta,Electronics,Headphones,35396.1,1,49554.54,Pending
ORD01411,25-11-2025,Kavya Nair,West,Rohan Mehta,Groceries,Cooking Oil 1L,967.48,1,1354.47,Delivered
ORD02497,25-11-2025,Manish Reddy,South,Priya Nair,Electronics,Laptop,23228.09,1,32519.33,Delivered
ORD01107,25-11-2025,Anita Desai,East,Vikram Singh,Electronics,Laptop,29907.22,3,125610.32,Delivered
ORD01615,25-11-2025,Amit Kapoor,North,Aarav Sharma,Electronics,Smartwatch,16573.09,1,23202.33,Cancelled
ORD00934,26-11-2025,Tarun Malhotra,South,Neha Reddy,Groceries,Rice 5kg,1850.84,1,2591.18,Delivered
ORD01992,27-11-2025,Ananya Kapoor,West,Aarav Sharma,Furniture,Office Chair,19941.21,5,139588.47,Delivered
ORD01206,27-11-2025,Rajesh Reddy,West,Vikram Singh,Groceries,Atta 10kg,2269.55,1,3177.37,Cancelled
ORD01983,28-11-2025,Shreya Malhotra,West,Divya Menon,Clothing,Formal Shirt,1415.84,1,1982.18,Delivered
ORD00333,28-11-2025,Pooja Reddy,North,Priya Nair,Sports,Football,430.5,2,1205.4,Cancelled
ORD01571,28-11-2025,Meera Joshi,West,Rohan Mehta,Electronics,Smartwatch,31288.78,1,43804.29,Delivered
ORD01974,29-11-2025,Amit Kapoor,North,Aarav Sharma,Electronics,Headphones,68513.47,1,95918.86,Delivered
ORD01744,29-11-2025,Sanjay Rao,North,Anjali Gupta,Sports,Yoga Mat,4286.6,1,6001.24,Delivered
ORD01816,30-11-2025,Manish Malhotra,South,Rohan Mehta,Groceries,Atta 10kg,2273.91,1,3183.47,Delivered
ORD00537,30-11-2025,Vivek Patel,Central,Arjun Rao,Electronics,Laptop,14953.84,1,20935.38,Delivered
ORD00813,30-11-2025,Sonal Joshi,East,Neha Reddy,Clothing,Jacket,3258.88,1,4562.43,Delivered
ORD00619,01-12-2025,Vivek Reddy,North,Rohan Mehta,Groceries,Spices Pack,2145.31,1,3003.43,Delivered
ORD01383,01-12-2025,Ananya Reddy,South,Sneha Iyer,Sports,Football,711.29,1,995.81,Cancelled
ORD00008,02-12-2025,Meera Malhotra,South,Arjun Rao,Furniture,Bookshelf,19062.02,1,26686.83,Cancelled
ORD00718,02-12-2025,Ananya Desai,North,Aarav Sharma,Groceries,Cooking Oil 1L,117.91,1,165.07,Delivered
ORD01361,02-12-2025,Isha Shah,North,Anjali Gupta,Electronics,Smartwatch,23258.72,2,65124.42,Delivered
ORD01295,03-12-2025,Rahul Rao,South,Anjali Gupta,Furniture,Bookshelf,8785.95,1,12300.33,Delivered
ORD01906,03-12-2025,Nikhil Kumar,East,Aarav Sharma,Electronics,Smartphone,40308.81,1,56432.33,Delivered
ORD00563,03-12-2025,Vivek Nair,North,Anjali Gupta,Sports,Yoga Mat,6900.68,2,19321.9,Pending
ORD01375,04-12-2025,Isha Kumar,South,Neha Reddy,Clothing,Jacket,604.85,1,846.79,Cancelled
ORD01036,04-12-2025,Kavya Reddy,South,Karan Verma,Sports,Cricket Bat,5513.72,1,7719.21,Cancelled
ORD02060,04-12-2025,Riya Reddy,West,Priya Nair,Groceries,Atta 10kg,444.2,1,621.88,Delivered
ORD01392,04-12-2025,Anita Rao,East,Vikram Singh,Furniture,Sofa,20282.75,1,28395.85,Pending
ORD00938,05-12-2025,Pooja Desai,North,Vikram Singh,Clothing,Formal Shirt,796.62,2,2230.54,Delivered
ORD01204,05-12-2025,Riya Reddy,North,Vikram Singh,Groceries,Cooking Oil 1L,385.25,1,539.35,Delivered
ORD00697,05-12-2025,Sonal Patel,Central,Divya Menon,Clothing,Jacket,3681.88,2,10309.26,Delivered
ORD00842,06-12-2025,Rahul Rao,Central,Anjali Gupta,Groceries,Spices Pack,733.54,1,1026.96,Delivered
ORD01060,06-12-2025,Rajesh Kapoor,East,Neha Reddy,Furniture,Study Table,1692.66,2,4739.45,Delivered
ORD01843,08-12-2025,Manish Kapoor,East,Rohan Mehta,Groceries,Atta 10kg,2299.28,1,3218.99,Delivered
ORD01573,08-12-2025,Anita Nair,South,Aarav Sharma,Electronics,Laptop,76630.15,1,107282.21,Delivered
ORD00744,08-12-2025,Gaurav Nair,South,Aarav Sharma,Sports,Dumbbells Set,7609.47,1,10653.26,Delivered
ORD00300,08-12-2025,Meera Reddy,West,Aarav Sharma,Sports,Cricket Bat,7876.9,1,11027.66,Delivered
ORD01190,09-12-2025,Tarun Shah,West,Sneha Iyer,Sports,Dumbbells Set,4571.18,1,6399.65,Delivered
ORD01045,09-12-2025,Tarun Kumar,West,Vikram Singh,Electronics,Headphones,48396.95,1,67755.73,Cancelled
ORD01560,09-12-2025,Shreya Kumar,North,Divya Menon,Clothing,Formal Shirt,507.28,1,710.19,Pending
ORD00576,09-12-2025,Sanjay Kumar,South,Vikram Singh,Sports,Football,301.75,2,844.9,Delivered
ORD01679,09-12-2025,Riya Rao,South,Vikram Singh,Sports,Yoga Mat,4145.42,1,5803.59,Pending
ORD00760,11-12-2025,Vivek Patel,West,Divya Menon,Furniture,Study Table,13760.23,1,19264.32,Delivered
ORD01148,11-12-2025,Vivek Nair,Central,Divya Menon,Groceries,Spices Pack,2209.86,2,6187.61,Cancelled
ORD00748,11-12-2025,Shreya Rao,Central,Divya Menon,Furniture,Study Table,11578.78,1,16210.29,Delivered
ORD00975,11-12-2025,Ananya Kapoor,Central,Karan Verma,Groceries,Spices Pack,409.55,1,573.37,Cancelled
ORD00183,11-12-2025,Isha Reddy,North,Aarav Sharma,Groceries,Atta 10kg,1032.54,1,1445.56,Delivered
ORD00495,11-12-2025,Tarun Shah,South,Rohan Mehta,Electronics,Smartwatch,10021.72,1,14030.41,Delivered
ORD01710,12-12-2025,Sonal Kumar,North,Divya Menon,Clothing,T-Shirt,3069.54,1,4297.36,Delivered
ORD00880,12-12-2025,Manish Malhotra,East,Vikram Singh,Groceries,Rice 5kg,1917.82,2,5369.9,Cancelled
ORD00198,12-12-2025,Tarun Patel,South,Vikram Singh,Clothing,Jeans,1230.99,1,1723.39,Pending
ORD00451,12-12-2025,Rahul Rao,Central,Rohan Mehta,Clothing,Jacket,1906.9,1,2669.66,Delivered
ORD02442,13-12-2025,Manish Joshi,West,Priya Nair,Furniture,Bookshelf,7930.34,1,11102.48,Delivered
ORD01537,13-12-2025,Riya Shah,South,Karan Verma,Groceries,Atta 10kg,1689.83,1,2365.76,Delivered
ORD01905,14-12-2025,Riya Malhotra,East,Aarav Sharma,Furniture,Office Chair,15531.8,1,21744.52,Pending
ORD00982,14-12-2025,Pooja Joshi,East,Priya Nair,Electronics,Smartwatch,47954.2,1,67135.88,Cancelled
ORD00373,14-12-2025,Sanjay Kapoor,North,Priya Nair,Sports,Dumbbells Set,819.77,1,1147.68,Cancelled
ORD00055,14-12-2025,Suresh Rao,South,Divya Menon,Sports,Yoga Mat,3645.28,1,5103.39,Cancelled
ORD01886,15-12-2025,Aditi Kumar,Central,Karan Verma,Sports,Cricket Bat,2082.06,1,2914.88,Cancelled
ORD00599,15-12-2025,Vivek Kapoor,Central,Aarav Sharma,Electronics,Smartphone,70989.34,1,99385.08,Delivered
ORD02379,16-12-2025,Meera Desai,East,Vikram Singh,Electronics,Smartwatch,61986.79,1,86781.51,Delivered
ORD00715,16-12-2025,Manish Rao,South,Karan Verma,Furniture,Study Table,7346.73,2,20570.84,Delivered
ORD02045,16-12-2025,Sanjay Patel,West,Vikram Singh,Groceries,Rice 5kg,1785.55,2,4999.54,Delivered
ORD02169,17-12-2025,Suresh Desai,Central,Aarav Sharma,Clothing,Formal Shirt,467.41,2,1308.75,Pending
ORD00834,17-12-2025,Gaurav Malhotra,East,Sneha Iyer,Furniture,Office Chair,3844.44,1,5382.22,Delivered
ORD00851,17-12-2025,Meera Patel,North,Aarav Sharma,Clothing,T-Shirt,2335.66,1,3269.92,Delivered
ORD00916,17-12-2025,Suresh Patel,East,Priya Nair,Sports,Dumbbells Set,398.29,2,1115.21,Delivered
ORD01128,17-12-2025,Nikhil Shah,West,Arjun Rao,Electronics,Headphones,74334.58,1,104068.41,Delivered
ORD02080,18-12-2025,Rahul Rao,East,Divya Menon,Electronics,Tablet,49414.61,2,138360.91,Delivered
ORD01539,18-12-2025,Sonal Rao,East,Arjun Rao,Clothing,Jacket,3321.07,1,4649.5,Delivered
ORD01389,18-12-2025,Shreya Patel,West,Aarav Sharma,Electronics,Headphones,22430.48,1,31402.67,Delivered
ORD01306,19-12-2025,Shreya Desai,South,Divya Menon,Groceries,Cooking Oil 1L,1853.53,2,5189.88,Pending
ORD01232,19-12-2025,Anita Nair,South,Rohan Mehta,Groceries,Spices Pack,1734.9,2,4857.72,Delivered
ORD01734,20-12-2025,Ananya Rao,East,Arjun Rao,Clothing,T-Shirt,3902.45,1,5463.43,Delivered
ORD02275,20-12-2025,Tarun Kumar,North,Priya Nair,Sports,Dumbbells Set,5929.71,2,16603.19,Delivered
ORD02372,20-12-2025,Rahul Rao,Central,Neha Reddy,Groceries,Atta 10kg,117.76,1,164.86,Delivered
ORD01725,21-12-2025,Amit Kumar,South,Sneha Iyer,Groceries,Spices Pack,868.5,1,1215.9,Delivered
ORD02459,21-12-2025,Gaurav Rao,Central,Sneha Iyer,Clothing,T-Shirt,3623.67,2,10146.28,Cancelled
ORD02190,22-12-2025,Riya Rao,East,Sneha Iyer,Groceries,Cooking Oil 1L,919.39,5,6435.73,Delivered
ORD00935,22-12-2025,Pooja Shah,South,Rohan Mehta,Sports,Yoga Mat,4742,1,6638.8,Pending
ORD00520,22-12-2025,Sanjay Joshi,Central,Priya Nair,Electronics,Smartphone,39238.46,1,54933.84,Delivered
ORD01154,22-12-2025,Pooja Joshi,North,Anjali Gupta,Sports,Yoga Mat,5698.79,1,7978.31,Delivered
ORD01145,23-12-2025,Anita Patel,East,Priya Nair,Groceries,Rice 5kg,565.59,1,791.83,Pending
ORD00164,23-12-2025,Anita Kumar,East,Rohan Mehta,Electronics,Laptop,40475.59,1,56665.83,Delivered
ORD00326,23-12-2025,Isha Patel,West,Arjun Rao,Groceries,Cooking Oil 1L,351.54,1,492.16,Pending
ORD01917,23-12-2025,Vivek Kumar,West,Arjun Rao,Clothing,Jacket,3637.69,1,5092.77,Delivered
ORD01051,23-12-2025,Aditi Malhotra,Central,Karan Verma,Electronics,Smartwatch,48908.18,1,68471.45,Delivered
ORD00266,24-12-2025,Sanjay Malhotra,West,Vikram Singh,Clothing,Jeans,1570.37,1,2198.52,Delivered
ORD01671,24-12-2025,Gaurav Joshi,Central,Anjali Gupta,Groceries,Spices Pack,1179.26,1,1650.96,Delivered
ORD00507,24-12-2025,Gaurav Shah,East,Anjali Gupta,Electronics,Headphones,66718.38,3,280217.2,Delivered
ORD01530,24-12-2025,Suresh Malhotra,South,Arjun Rao,Clothing,Jeans,883.26,1,1236.56,Cancelled
ORD00165,25-12-2025,Vivek Kumar,West,Sneha Iyer,Clothing,T-Shirt,3446.48,1,4825.07,Delivered
ORD00658,25-12-2025,Vivek Patel,West,Anjali Gupta,Electronics,Laptop,20407.74,1,28570.84,Delivered
ORD00647,25-12-2025,Sanjay Shah,West,Neha Reddy,Electronics,Laptop,62409.88,1,87373.83,Delivered
ORD00732,26-12-2025,Rahul Rao,East,Aarav Sharma,Sports,Cricket Bat,2526.46,3,10611.13,Delivered
ORD02364,26-12-2025,Shreya Patel,Central,Karan Verma,Electronics,Tablet,67120.21,1,93968.29,Delivered
ORD00155,26-12-2025,Amit Desai,Central,Aarav Sharma,Groceries,Rice 5kg,1516.63,1,2123.28,Delivered
ORD00460,26-12-2025,Rajesh Joshi,South,Divya Menon,Electronics,Tablet,43453.48,1,60834.87,Pending
ORD01444,26-12-2025,Pooja Rao,West,Arjun Rao,Clothing,Jeans,1498.91,3,6295.42,Delivered
ORD00462,26-12-2025,Shreya Rao,North,Sneha Iyer,Groceries,Spices Pack,2256.13,1,3158.58,Delivered
ORD00542,26-12-2025,Ananya Joshi,West,Aarav Sharma,Electronics,Headphones,28067.03,2,78587.68,Cancelled
ORD02351,26-12-2025,Manish Joshi,East,Arjun Rao,Groceries,Rice 5kg,393.68,2,1102.3,Delivered
ORD01713,26-12-2025,Gaurav Rao,South,Rohan Mehta,Groceries,Rice 5kg,122.09,1,170.93,Delivered
ORD00937,27-12-2025,Sonal Rao,South,Karan Verma,Electronics,Laptop,26927.98,1,37699.17,Delivered
ORD00125,27-12-2025,Kavya Kumar,South,Divya Menon,Clothing,Jacket,3503.35,2,9809.38,Pending
ORD01697,27-12-2025,Aditi Rao,North,Sneha Iyer,Electronics,Laptop,9507.55,1,13310.57,Delivered
ORD01823,27-12-2025,Ananya Joshi,North,Neha Reddy,Electronics,Tablet,21526.1,1,30136.54,Delivered
ORD01461,27-12-2025,Shreya Rao,West,Divya Menon,Clothing,T-Shirt,2870.5,1,4018.7,Delivered
ORD00501,28-12-2025,Rajesh Joshi,West,Sneha Iyer,Furniture,Bookshelf,21780.71,1,30492.99,Delivered
ORD02069,28-12-2025,Kavya Nair,Central,Rohan Mehta,Sports,Dumbbells Set,6561.26,1,9185.76,Delivered
ORD01965,29-12-2025,Rahul Nair,East,Karan Verma,Clothing,Jeans,2929.72,2,8203.22,Delivered
ORD01523,29-12-2025,Tarun Kapoor,Central,Priya Nair,Electronics,Smartwatch,27871.84,1,39020.58,Delivered
ORD01990,30-12-2025,Sanjay Nair,West,Aarav Sharma,Sports,Dumbbells Set,7523.21,2,21064.99,Delivered
ORD01670,30-12-2025,Gaurav Rao,North,Rohan Mehta,Groceries,Spices Pack,2242.7,5,15698.9,Delivered
